# ************************************************************
# Sequel Pro SQL dump
# Version 4541
#
# http://www.sequelpro.com/
# https://github.com/sequelpro/sequelpro
#
# Host: 127.0.0.1 (MySQL 5.7.28)
# Database: 103
# Generation Time: 2020-04-07 16:25:14 +0000
# ************************************************************


/*!40101 SET @OLD_CHARACTER_SET_CLIENT=@@CHARACTER_SET_CLIENT */;
/*!40101 SET @OLD_CHARACTER_SET_RESULTS=@@CHARACTER_SET_RESULTS */;
/*!40101 SET @OLD_COLLATION_CONNECTION=@@COLLATION_CONNECTION */;
/*!40101 SET NAMES utf8 */;
/*!40014 SET @OLD_FOREIGN_KEY_CHECKS=@@FOREIGN_KEY_CHECKS, FOREIGN_KEY_CHECKS=0 */;
/*!40101 SET @OLD_SQL_MODE=@@SQL_MODE, SQL_MODE='NO_AUTO_VALUE_ON_ZERO' */;
/*!40111 SET @OLD_SQL_NOTES=@@SQL_NOTES, SQL_NOTES=0 */;


# Dump of table campuses
# ------------------------------------------------------------

DROP TABLE IF EXISTS `campuses`;

CREATE TABLE `campuses` (
  `id` bigint(20) unsigned NOT NULL AUTO_INCREMENT,
  `jp` varchar(35) COLLATE utf8mb4_unicode_ci NOT NULL,
  `en` varchar(80) COLLATE utf8mb4_unicode_ci NOT NULL,
  `lati` varchar(255) COLLATE utf8mb4_unicode_ci DEFAULT NULL,
  `long` varchar(255) COLLATE utf8mb4_unicode_ci DEFAULT NULL,
  `created_at` timestamp NULL DEFAULT NULL,
  `updated_at` timestamp NULL DEFAULT NULL,
  PRIMARY KEY (`id`)
) ENGINE=InnoDB DEFAULT CHARSET=utf8mb4 COLLATE=utf8mb4_unicode_ci;

LOCK TABLES `campuses` WRITE;
/*!40000 ALTER TABLE `campuses` DISABLE KEYS */;

INSERT INTO `campuses` (`id`, `jp`, `en`, `lati`, `long`, `created_at`, `updated_at`)
VALUES
	(1,'早稲田','Waseda','https://www.waseda.jp/top/access/waseda-campus',NULL,NULL,NULL),
	(2,'戸山','Toyama','https://www.waseda.jp/top/access/toyama-campus',NULL,NULL,NULL),
	(3,'所沢','Tokorozawa','https://www.waseda.jp/top/access/tokorozawa-campus',NULL,NULL,NULL),
	(4,'東伏見','Higashifushimi','https://www.waseda.jp/top/access/higashifushimi-campus',NULL,NULL,NULL),
	(5,'西早稲田','Nishiwaseda','https://www.waseda.jp/top/access/nishiwaseda-campus',NULL,NULL,NULL),
	(6,'その他','other','https://www.waseda.jp/top/access/',NULL,NULL,NULL);

/*!40000 ALTER TABLE `campuses` ENABLE KEYS */;
UNLOCK TABLES;


# Dump of table depts
# ------------------------------------------------------------

DROP TABLE IF EXISTS `depts`;

CREATE TABLE `depts` (
  `id` bigint(20) unsigned NOT NULL AUTO_INCREMENT,
  `jp` varchar(10) COLLATE utf8mb4_unicode_ci NOT NULL,
  `en` varchar(5) COLLATE utf8mb4_unicode_ci NOT NULL,
  `jp_long` varchar(25) COLLATE utf8mb4_unicode_ci NOT NULL,
  `en_long` varchar(50) COLLATE utf8mb4_unicode_ci NOT NULL,
  `code` varchar(50) COLLATE utf8mb4_unicode_ci DEFAULT NULL,
  `created_at` timestamp NULL DEFAULT NULL,
  `updated_at` timestamp NULL DEFAULT NULL,
  PRIMARY KEY (`id`)
) ENGINE=InnoDB DEFAULT CHARSET=utf8mb4 COLLATE=utf8mb4_unicode_ci;

LOCK TABLES `depts` WRITE;
/*!40000 ALTER TABLE `depts` DISABLE KEYS */;

INSERT INTO `depts` (`id`, `jp`, `en`, `jp_long`, `en_long`, `code`, `created_at`, `updated_at`)
VALUES
	(1,'政経','PSE','政治経済学部','School of Political Science and Economics','PSE',NULL,NULL),
	(2,'法学','LAW','法学部','School of Law','LAW',NULL,NULL),
	(3,'教育','EDU','教育学部','School of Education','EDU',NULL,NULL),
	(4,'商学','SOC','商学部','School of Commerce','SOC',NULL,NULL),
	(5,'社学','SSS','社会科学部','School of Social Sciences','SSS',NULL,NULL),
	(6,'人科','HUM','人間科学部','School of Human Sciences','HUM',NULL,NULL),
	(7,'スポーツ','SPS','スポーツ科学部','School of Sport Sciences','SPS',NULL,NULL),
	(8,'国際教養','SILS','国際教養学部','School of International Liberal Studies','SILS',NULL,NULL),
	(9,'文構','CMS','文化構想学部','School of Culture, Media and Society','CMS',NULL,NULL),
	(10,'文','HSS','文学部','School of Humanities and Social Sciences','HSS',NULL,NULL),
	(11,'先進','ASE','先進理工学部','School of Advanced Science and Engineering','ASE',NULL,NULL),
	(12,'基幹','FSE','基幹理工学部','School of Fundamental Science and Engineering','FSE',NULL,NULL),
	(13,'創造','CSE','創造理工学部','School of Creative Science and Engineering','CSE',NULL,NULL),
	(14,'グローバル','GEC','グローバルエデュケーションセンター','Global Education Center','GEC',NULL,NULL),
	(15,'その他','NRY','未登録','Not registered yet','NRY',NULL,NULL);

/*!40000 ALTER TABLE `depts` ENABLE KEYS */;
UNLOCK TABLES;


# Dump of table firsts
# ------------------------------------------------------------

DROP TABLE IF EXISTS `firsts`;

CREATE TABLE `firsts` (
  `id` bigint(20) unsigned NOT NULL AUTO_INCREMENT,
  `jp` varchar(50) COLLATE utf8mb4_unicode_ci NOT NULL,
  `en` varchar(100) COLLATE utf8mb4_unicode_ci NOT NULL,
  `code` varchar(5) COLLATE utf8mb4_unicode_ci NOT NULL,
  `created_at` timestamp NULL DEFAULT NULL,
  `updated_at` timestamp NULL DEFAULT NULL,
  PRIMARY KEY (`id`)
) ENGINE=InnoDB DEFAULT CHARSET=utf8mb4 COLLATE=utf8mb4_unicode_ci;

LOCK TABLES `firsts` WRITE;
/*!40000 ALTER TABLE `firsts` DISABLE KEYS */;

INSERT INTO `firsts` (`id`, `jp`, `en`, `code`, `created_at`, `updated_at`)
VALUES
	(1,'情報学','Informatics','INF',NULL,NULL),
	(2,'図書館学/司書課程','Library Science/Librarian Course','LIB',NULL,NULL),
	(3,'学芸員共通科目','Curator-Training Program','CTP',NULL,NULL),
	(4,'文化財科学/博物館学','Scientific Studies of Material Culture','MUS',NULL,NULL),
	(5,'メディア研究','Media Studies','MDA',NULL,NULL),
	(6,'ジャーナリズム','Journalism','JOU',NULL,NULL),
	(7,'哲学','Philosophy','PHL',NULL,NULL),
	(8,'心理学','Psychology','PSY',NULL,NULL),
	(9,'考古学','Archaeology','ARC',NULL,NULL),
	(10,'歴史学','History','HIS',NULL,NULL),
	(11,'地域研究','Area Studies','ARS',NULL,NULL),
	(12,'地理学','Geography','GEO',NULL,NULL),
	(13,'政治学','Political Science','POL',NULL,NULL),
	(14,'国際関係論','International Relations','INT',NULL,NULL),
	(15,'法学','Law','LAW',NULL,NULL),
	(16,'経済学','Economics','ECN',NULL,NULL),
	(17,'商学','Commerce','CMM',NULL,NULL),
	(18,'経営学','Management','MAN',NULL,NULL),
	(19,'会計学','Accounting','ACC',NULL,NULL),
	(20,'統計学','Statistics','STA',NULL,NULL),
	(21,'社会学','Sociology','SOC',NULL,NULL),
	(22,'社会・安全システム科学','Social systems Engineering/Safety system','SSS',NULL,NULL),
	(23,'ジェンダー','Gender','GDR',NULL,NULL),
	(24,'教育学','Education','EDU',NULL,NULL),
	(25,'子ども学','Childhood science','CLD',NULL,NULL),
	(26,'人類学','Anthropology','ANT',NULL,NULL),
	(27,'数学','Mathematics','MAT',NULL,NULL),
	(28,'計算科学','Computational science','COM',NULL,NULL),
	(29,'物理学','Physics','PHY',NULL,NULL),
	(30,'化学','Chemistry','CHM',NULL,NULL),
	(31,'天文学','Astronomy','ASR',NULL,NULL),
	(32,'地球惑星科学','Earth and Planetary Science','PLN',NULL,NULL),
	(33,'生物学','Biology','BIO',NULL,NULL),
	(34,'ゲノム科学','Genome Science','GNM',NULL,NULL),
	(35,'医学','Medicine','MED',NULL,NULL),
	(36,'脳科学','Brain Sciences','BRN',NULL,NULL),
	(37,'看護学','Nursing','NRS',NULL,NULL),
	(38,'薬学','Pharmacy','PHA',NULL,NULL),
	(39,'ナノ・マイクロ科学','Nano/Micro Science','NAN',NULL,NULL),
	(40,'土木工学','Civil Engineering','CST',NULL,NULL),
	(41,'環境学','Environmental Science','ENV',NULL,NULL),
	(42,'建築学','Architecural Design &amp; Engineering','ADE',NULL,NULL),
	(43,'科学技術論','Science and Technology Studies','STS',NULL,NULL),
	(44,'機械工学','Mechanical Engineering','MEC',NULL,NULL),
	(45,'電気電子工学','Electrical and Electronic Engineering','ELC',NULL,NULL),
	(46,'制御・システム工学','Control Engineering/System Engineering','SYS',NULL,NULL),
	(47,'材料工学','Materials Engineering','MTL',NULL,NULL),
	(48,'プロセス・化学工学','Process/Chemical Engineering','PCS',NULL,NULL),
	(49,'経営工学','Industrial Engineering','MGT',NULL,NULL),
	(50,'総合工学','Integrated Engineering','IEN',NULL,NULL),
	(51,'人間科学','Human Sciences','HUM',NULL,NULL),
	(52,'家政学','Home Economics','LIF',NULL,NULL),
	(53,'農学','Agricultural Sciences','AGC',NULL,NULL),
	(54,'観光学','Tourism and Hospitality','TRS',NULL,NULL),
	(55,'芸術/美術','Art Studies','ART',NULL,NULL),
	(56,'デザイン学','Design Science','DES',NULL,NULL),
	(57,'健康/スポーツ科学','Health/Sports Science','HSS',NULL,NULL),
	(58,'言語学','Linguistics','LNG',NULL,NULL),
	(59,'語学','Languages','LAN',NULL,NULL),
	(60,'文学','Literature','LIT',NULL,NULL),
	(61,'総合社会科学','General Social Science','GSS',NULL,NULL),
	(62,'複合領域','Composite Fields Studies','CMF',NULL,NULL),
	(63,'基礎演習','Basic Study Practice','BSP',NULL,NULL),
	(64,'保健体育','Health and Physical Education','HPE',NULL,NULL),
	(65,'教職科目','Teacher-training Course Program','TCP',NULL,NULL),
	(66,'留学','Global Study Program','GSP',NULL,NULL),
	(67,'総合/学際','General Studies','GEN',NULL,NULL),
	(68,'指定なし','N/A','ZZZ',NULL,NULL);

/*!40000 ALTER TABLE `firsts` ENABLE KEYS */;
UNLOCK TABLES;


# Dump of table languages
# ------------------------------------------------------------

DROP TABLE IF EXISTS `languages`;

CREATE TABLE `languages` (
  `id` bigint(20) unsigned NOT NULL AUTO_INCREMENT,
  `jp` varchar(25) COLLATE utf8mb4_unicode_ci NOT NULL,
  `en` varchar(30) COLLATE utf8mb4_unicode_ci NOT NULL,
  `mixed` tinyint(1) NOT NULL,
  `created_at` timestamp NULL DEFAULT NULL,
  `updated_at` timestamp NULL DEFAULT NULL,
  PRIMARY KEY (`id`)
) ENGINE=InnoDB DEFAULT CHARSET=utf8mb4 COLLATE=utf8mb4_unicode_ci;

LOCK TABLES `languages` WRITE;
/*!40000 ALTER TABLE `languages` DISABLE KEYS */;

INSERT INTO `languages` (`id`, `jp`, `en`, `mixed`, `created_at`, `updated_at`)
VALUES
	(1,'指定なし','N/A',0,NULL,NULL),
	(2,'日本語','Japanese',0,NULL,NULL),
	(3,'英語','English',0,NULL,NULL),
	(4,'日・英併用','Japanese/English',1,NULL,NULL),
	(5,'ドイツ語','German',0,NULL,NULL),
	(6,'フランス語','French',0,NULL,NULL),
	(7,'中国語','Chinese',0,NULL,NULL),
	(8,'スペイン語','Spanish',0,NULL,NULL),
	(9,'朝鮮語','Korean',0,NULL,NULL),
	(10,'ロシア語','Russian',0,NULL,NULL),
	(11,'イタリア語','Italian',0,NULL,NULL),
	(12,'英・西併用','English/Spanish',1,NULL,NULL),
	(13,'英・中併用','English/Chinese',1,NULL,NULL),
	(14,'英・仏併用','English/French',1,NULL,NULL),
	(15,'英・朝併用','English/Korean',1,NULL,NULL),
	(16,'その他','other',0,NULL,NULL),
	(17,'日・仏併用','Japanese/French',1,NULL,NULL),
	(18,'英・独併用','English/German',1,NULL,NULL),
	(19,'','',0,NULL,NULL);

/*!40000 ALTER TABLE `languages` ENABLE KEYS */;
UNLOCK TABLES;


# Dump of table levels
# ------------------------------------------------------------

DROP TABLE IF EXISTS `levels`;

CREATE TABLE `levels` (
  `id` bigint(20) unsigned NOT NULL AUTO_INCREMENT,
  `jp` varchar(50) COLLATE utf8mb4_unicode_ci NOT NULL,
  `jp_desc` varchar(50) COLLATE utf8mb4_unicode_ci NOT NULL,
  `en` varchar(50) COLLATE utf8mb4_unicode_ci NOT NULL,
  `en_desc` varchar(80) COLLATE utf8mb4_unicode_ci NOT NULL,
  `created_at` timestamp NULL DEFAULT NULL,
  `updated_at` timestamp NULL DEFAULT NULL,
  PRIMARY KEY (`id`)
) ENGINE=InnoDB DEFAULT CHARSET=utf8mb4 COLLATE=utf8mb4_unicode_ci;

LOCK TABLES `levels` WRITE;
/*!40000 ALTER TABLE `levels` DISABLE KEYS */;

INSERT INTO `levels` (`id`, `jp`, `jp_desc`, `en`, `en_desc`, `created_at`, `updated_at`)
VALUES
	(1,'初級レベル','入門的・導入的位置づけの科目','Level of Freshman','Beginner, initial or introductory',NULL,NULL),
	(2,'中級レベル','発展的・応用的内容を扱う科目','Level of Sophomore','Intermediate, developmental and applicative',NULL,NULL),
	(3,'上級レベル','実践的・専門的に高度な内容を扱う科目','Level of Junior','Advanced, practical and specialized',NULL,NULL),
	(4,'総仕上げ','学士課程で学習する最終段階の水準の科目','Level of Senior','Final stage advanced-level undergraduate',NULL,NULL),
	(5,'-','-','-','-',NULL,NULL),
	(6,'修士レベル','-','Level of Master','-',NULL,NULL),
	(7,'博士レベル','-','Level of Doctor','-',NULL,NULL),
	(8,'指定なし','-','Null','-',NULL,NULL);

/*!40000 ALTER TABLE `levels` ENABLE KEYS */;
UNLOCK TABLES;


# Dump of table rooms
# ------------------------------------------------------------

DROP TABLE IF EXISTS `rooms`;

CREATE TABLE `rooms` (
  `id` bigint(20) unsigned NOT NULL AUTO_INCREMENT,
  `campus_id` tinyint(4) NOT NULL,
  `building` int(11) NOT NULL,
  `room` varchar(255) COLLATE utf8mb4_unicode_ci NOT NULL DEFAULT '',
  `created_at` timestamp NULL DEFAULT NULL,
  `updated_at` timestamp NULL DEFAULT NULL,
  PRIMARY KEY (`id`)
) ENGINE=InnoDB DEFAULT CHARSET=utf8mb4 COLLATE=utf8mb4_unicode_ci;

LOCK TABLES `rooms` WRITE;
/*!40000 ALTER TABLE `rooms` DISABLE KEYS */;

INSERT INTO `rooms` (`id`, `campus_id`, `building`, `room`, `created_at`, `updated_at`)
VALUES
	(1,1,11,'605',NULL,NULL),
	(2,1,11,'912',NULL,NULL),
	(3,1,11,'812',NULL,NULL),
	(4,1,11,'817',NULL,NULL),
	(5,1,11,'915',NULL,NULL),
	(6,1,11,'809',NULL,NULL),
	(7,1,11,'707',NULL,NULL),
	(8,1,10,'106',NULL,NULL),
	(9,1,11,'801',NULL,NULL),
	(10,1,11,'805',NULL,NULL),
	(11,1,11,'504',NULL,NULL),
	(12,1,11,'604',NULL,NULL),
	(13,1,11,'815',NULL,NULL),
	(14,1,11,'610',NULL,NULL),
	(15,1,11,'609',NULL,NULL),
	(16,1,3,'404',NULL,NULL),
	(17,1,14,'501',NULL,NULL),
	(18,1,11,'503',NULL,NULL),
	(19,1,14,'607',NULL,NULL),
	(20,1,11,'508',NULL,NULL),
	(21,1,11,'507',NULL,NULL),
	(22,1,7,'311',NULL,NULL),
	(23,1,11,'702',NULL,NULL),
	(24,1,11,'906',NULL,NULL),
	(25,1,11,'813',NULL,NULL),
	(26,1,11,'816',NULL,NULL),
	(27,1,11,'803',NULL,NULL),
	(28,1,11,'603',NULL,NULL),
	(29,1,11,'820',NULL,NULL),
	(30,1,10,'102',NULL,NULL),
	(31,1,11,'818',NULL,NULL),
	(32,1,7,'209',NULL,NULL),
	(33,1,11,'902',NULL,NULL),
	(34,1,3,'305',NULL,NULL),
	(35,1,11,'704',NULL,NULL),
	(36,1,22,'201',NULL,NULL),
	(37,1,11,'711',NULL,NULL),
	(38,1,7,'206',NULL,NULL),
	(39,1,11,'502',NULL,NULL),
	(40,1,7,'207',NULL,NULL),
	(41,1,7,'306',NULL,NULL),
	(42,1,3,'607',NULL,NULL),
	(43,1,11,'709',NULL,NULL),
	(44,1,11,'811',NULL,NULL),
	(45,1,8,'B102',NULL,NULL),
	(46,1,14,'403',NULL,NULL),
	(47,1,11,'819',NULL,NULL),
	(48,1,11,'506',NULL,NULL),
	(49,1,11,'703',NULL,NULL),
	(50,1,8,'308',NULL,NULL),
	(51,1,3,'405',NULL,NULL),
	(52,1,11,'910',NULL,NULL),
	(53,1,3,'202(Center for Teaching,Learning, and Technology Active Learning)',NULL,NULL),
	(54,1,3,'502',NULL,NULL),
	(55,1,11,'901',NULL,NULL),
	(56,1,3,'401',NULL,NULL),
	(57,1,11,'807',NULL,NULL),
	(58,1,11,'606',NULL,NULL),
	(59,1,11,'701',NULL,NULL),
	(60,1,3,'801',NULL,NULL),
	(61,1,11,'505',NULL,NULL),
	(62,1,10,'104',NULL,NULL),
	(63,1,3,'306',NULL,NULL),
	(64,1,7,'419',NULL,NULL),
	(65,1,14,'604',NULL,NULL),
	(66,1,7,'205',NULL,NULL),
	(67,1,16,'702',NULL,NULL),
	(68,1,11,'710',NULL,NULL),
	(69,1,7,'312',NULL,NULL),
	(70,1,11,'814',NULL,NULL),
	(71,1,11,'911',NULL,NULL),
	(72,1,11,'804',NULL,NULL),
	(73,1,11,'705',NULL,NULL),
	(74,1,11,'802',NULL,NULL),
	(75,1,10,'201',NULL,NULL),
	(76,1,11,'708',NULL,NULL),
	(77,1,15,'101',NULL,NULL),
	(78,1,11,'808',NULL,NULL),
	(79,1,22,'619',NULL,NULL),
	(80,1,11,'806',NULL,NULL),
	(81,1,11,'909',NULL,NULL),
	(82,1,3,'701',NULL,NULL),
	(83,1,11,'914',NULL,NULL),
	(84,1,14,'610',NULL,NULL),
	(85,1,3,'802',NULL,NULL),
	(86,1,10,'208',NULL,NULL),
	(87,1,7,'308',NULL,NULL),
	(88,1,8,'307',NULL,NULL),
	(89,1,10,'306',NULL,NULL),
	(90,1,11,'905',NULL,NULL),
	(91,1,22,'601',NULL,NULL),
	(92,1,14,'402',NULL,NULL),
	(93,1,10,'301',NULL,NULL),
	(94,1,3,'301',NULL,NULL),
	(95,1,11,'706',NULL,NULL),
	(96,1,10,'204',NULL,NULL),
	(97,1,14,'502',NULL,NULL),
	(98,2,31,'202',NULL,NULL),
	(99,2,33,'432',NULL,NULL),
	(100,2,31,'203',NULL,NULL),
	(101,2,31,'204',NULL,NULL),
	(102,2,33,'440',NULL,NULL),
	(103,2,33,'232',NULL,NULL),
	(104,2,31,'307',NULL,NULL),
	(105,2,32,'322',NULL,NULL),
	(106,2,33,'231',NULL,NULL),
	(107,2,31,'03',NULL,NULL),
	(108,2,33,'433',NULL,NULL),
	(109,2,33,'333',NULL,NULL),
	(110,2,33,'732',NULL,NULL),
	(111,2,33,'441',NULL,NULL),
	(112,2,32,'224',NULL,NULL),
	(113,2,31,'02',NULL,NULL),
	(114,2,32,'226',NULL,NULL),
	(115,2,32,'321',NULL,NULL),
	(116,2,33,'435',NULL,NULL),
	(117,2,33,'531',NULL,NULL),
	(118,2,33,'436',NULL,NULL),
	(119,2,32,'225',NULL,NULL),
	(120,2,31,'201',NULL,NULL),
	(121,2,32,'228',NULL,NULL),
	(122,2,32,'227',NULL,NULL),
	(123,2,32,'324',NULL,NULL),
	(124,2,32,'323',NULL,NULL),
	(125,2,31,'205',NULL,NULL),
	(126,2,31,'103',NULL,NULL),
	(127,2,36,'582',NULL,NULL),
	(128,2,33,'438',NULL,NULL),
	(129,2,32,'229',NULL,NULL),
	(130,2,31,'105',NULL,NULL),
	(131,2,31,'104',NULL,NULL),
	(132,2,31,'106',NULL,NULL),
	(133,2,33,'731',NULL,NULL),
	(134,2,31,'310',NULL,NULL),
	(135,2,33,'439',NULL,NULL),
	(136,2,31,'01',NULL,NULL),
	(137,2,33,'431',NULL,NULL),
	(138,2,31,'301',NULL,NULL),
	(139,2,33,'437',NULL,NULL),
	(140,2,36,'482',NULL,NULL),
	(141,2,34,'451',NULL,NULL),
	(142,2,36,'682',NULL,NULL),
	(143,2,34,'357',NULL,NULL),
	(144,2,32,'325',NULL,NULL),
	(145,2,33,'332',NULL,NULL),
	(146,2,36,'481',NULL,NULL),
	(147,2,33,'331',NULL,NULL),
	(148,2,34,'356',NULL,NULL),
	(149,2,33,'434',NULL,NULL),
	(150,2,34,'452',NULL,NULL),
	(151,2,32,'127',NULL,NULL),
	(152,2,33,'613',NULL,NULL),
	(153,2,34,'355',NULL,NULL),
	(154,2,31,'208',NULL,NULL),
	(155,2,36,'382',NULL,NULL),
	(156,2,36,'681',NULL,NULL),
	(157,2,34,'453',NULL,NULL),
	(158,2,34,'151',NULL,NULL),
	(159,2,36,'581',NULL,NULL),
	(160,2,38,'AV',NULL,NULL),
	(161,2,32,'128',NULL,NULL),
	(162,2,31,'102',NULL,NULL),
	(163,2,39,'2105',NULL,NULL),
	(164,2,36,'283',NULL,NULL);

/*!40000 ALTER TABLE `rooms` ENABLE KEYS */;
UNLOCK TABLES;


# Dump of table seconds
# ------------------------------------------------------------

DROP TABLE IF EXISTS `seconds`;

CREATE TABLE `seconds` (
  `id` bigint(20) unsigned NOT NULL AUTO_INCREMENT,
  `first_id` int(11) NOT NULL,
  `jp` varchar(50) COLLATE utf8mb4_unicode_ci NOT NULL,
  `en` varchar(100) COLLATE utf8mb4_unicode_ci NOT NULL,
  `code` varchar(5) COLLATE utf8mb4_unicode_ci NOT NULL,
  `created_at` timestamp NULL DEFAULT NULL,
  `updated_at` timestamp NULL DEFAULT NULL,
  PRIMARY KEY (`id`)
) ENGINE=InnoDB DEFAULT CHARSET=utf8mb4 COLLATE=utf8mb4_unicode_ci;

LOCK TABLES `seconds` WRITE;
/*!40000 ALTER TABLE `seconds` DISABLE KEYS */;

INSERT INTO `seconds` (`id`, `first_id`, `jp`, `en`, `code`, `created_at`, `updated_at`)
VALUES
	(1,1,'アルゴリズムと複雑性','Algorithms and Complexity','A',NULL,NULL),
	(2,1,'アーキテクチャと計算機構成','Architecture and Organization','B',NULL,NULL),
	(3,1,'計算科学','Computational Science','C',NULL,NULL),
	(4,1,'離散構造','Discrete Structures','D',NULL,NULL),
	(5,1,'グラフィクスと可視化','Graphics and Visualization','E',NULL,NULL),
	(6,1,'ヒューマンコンピュータインタラクション','Human-Computer Interaction','F',NULL,NULL),
	(7,1,'情報保全とセキュリティ','Information Assurance and Security','G',NULL,NULL),
	(8,1,'情報管理','Information Management','H',NULL,NULL),
	(9,1,'知的システム','Intelligent Systems','I',NULL,NULL),
	(10,1,'ネットワークと通信','Networking and Communications','J',NULL,NULL),
	(11,1,'オペレーティングシステム','Operating Systems','K',NULL,NULL),
	(12,1,'プラットフォームベース開発','Platform-based Development','L',NULL,NULL),
	(13,1,'並列分散処理','Parallel and Distributed Computing','M',NULL,NULL),
	(14,1,'プログラミング言語','Programming Languages','N',NULL,NULL),
	(15,1,'ソフトウェア開発の基礎','Software Development Fundamentals','O',NULL,NULL),
	(16,1,'ソフトウェア工学','Software Engineering','P',NULL,NULL),
	(17,1,'情報システムの基礎','Systems Fundamentals','Q',NULL,NULL),
	(18,1,'社会問題と実践','Social Issues and Professional Practice','R',NULL,NULL),
	(19,1,'その他','Others','V',NULL,NULL),
	(20,1,'総合','General','Y',NULL,NULL),
	(21,2,'図書館学/司書課程','Library Science/Librarian Course','X',NULL,NULL),
	(22,3,'学芸員共通科目','Curator-Training Program','X',NULL,NULL),
	(23,4,'文化財科学/博物館学','Scientific Studies of Material Culture','X',NULL,NULL),
	(24,5,'メディア研究','Media Studies','X',NULL,NULL),
	(25,6,'ジャーナリズム','Journalism','X',NULL,NULL),
	(26,7,'東洋哲学','Eastern Philosophy','E',NULL,NULL),
	(27,7,'論理学','Logic','L',NULL,NULL),
	(28,7,'倫理学','Ethics','M',NULL,NULL),
	(29,7,'宗教学','Religious Studies','R',NULL,NULL),
	(30,7,'科学哲学','Philosophy of Socience','S',NULL,NULL),
	(31,7,'思想史','History of Thought','T',NULL,NULL),
	(32,7,'その他　哲学','Philosophy','V',NULL,NULL),
	(33,7,'西洋哲学','Western Philosophy','W',NULL,NULL),
	(34,8,'心理学','Psychology','X',NULL,NULL),
	(35,9,'考古学','Archaeology','X',NULL,NULL),
	(36,10,'日本史','Japanese History','A',NULL,NULL),
	(37,10,'アジア史','History of Asia','B',NULL,NULL),
	(38,10,'北アメリカ史','History of North America','C',NULL,NULL),
	(39,10,'中南アメリカ史','History of Central &amp; South America','D',NULL,NULL),
	(40,10,'ヨーロッパ史','History of Europe','E',NULL,NULL),
	(41,10,'オセアニア史','History of Pacific-rim','F',NULL,NULL),
	(42,10,'アフリカ史','History of Africa','G',NULL,NULL),
	(43,10,'その他　歴史学','Historical Studies in General','V',NULL,NULL),
	(44,11,'日本研究','Japanese Studies','A',NULL,NULL),
	(45,11,'中国研究','Chinese Studies','B',NULL,NULL),
	(46,11,'台湾研究','Taiwanese Studies','C',NULL,NULL),
	(47,11,'コリア研究','Korean Studies','D',NULL,NULL),
	(48,11,'東南アジア研究','Southeast Asian studies','E',NULL,NULL),
	(49,11,'北アメリカ研究','North American Studies','F',NULL,NULL),
	(50,11,'中南アメリカ研究','Central &amp; South American Studies','G',NULL,NULL),
	(51,11,'ヨーロッパ研究','European Studies','H',NULL,NULL),
	(52,11,'イスラーム地域研究','Islamic Area Studies','I',NULL,NULL),
	(53,11,'オセアニア研究','Pacific-rim Studies','J',NULL,NULL),
	(54,11,'アフリカ研究','African Studies','K',NULL,NULL),
	(55,11,'その他　地域研究','Area Studies','V',NULL,NULL),
	(56,12,'地理学','Geography','X',NULL,NULL),
	(57,13,'政治学','Political Science','X',NULL,NULL),
	(58,14,'国際関係学','International Studies','A',NULL,NULL),
	(59,14,'国際公共政策','International Public Policy','B',NULL,NULL),
	(60,15,'公法','Public Law','A',NULL,NULL),
	(61,15,'民事法','Civil Law and Procedure','B',NULL,NULL),
	(62,15,'刑事法','Laws on Criminal Matters','C',NULL,NULL),
	(63,15,'基礎法','Basic Legal Sciences','D',NULL,NULL),
	(64,15,'国際法','International Law','E',NULL,NULL),
	(65,15,'社会法','Social Law','F',NULL,NULL),
	(66,15,'新領域法学','New Fields of Law','G',NULL,NULL),
	(67,15,'その他法学','Other Legal Sciences','H',NULL,NULL),
	(68,16,'応用経済学','Applied Economics','A',NULL,NULL),
	(69,16,'経済学一般','Economics in General','E',NULL,NULL),
	(70,16,'経済史','Economic History','H',NULL,NULL),
	(71,16,'理論・計量経済学','Theoretical Economics / Econometrics','T',NULL,NULL),
	(72,17,'企業財務','Corporate Finance','C',NULL,NULL),
	(73,17,'国際ビジネス・貿易','International Business and Trade','I',NULL,NULL),
	(74,17,'マーケティング','Marketing','M',NULL,NULL),
	(75,17,'リスクマネジメント・保険','Risk Management and Insurance','R',NULL,NULL),
	(76,18,'経営学','Management','X',NULL,NULL),
	(77,19,'会計学','Accounting','X',NULL,NULL),
	(78,20,'統計学','Statistics','X',NULL,NULL),
	(79,21,'社会学','Sociology','X',NULL,NULL),
	(80,22,'社会・安全システム科学','Social Systems Engineering/Safety System','X',NULL,NULL),
	(81,23,'ジェンダー','Gender','X',NULL,NULL),
	(82,24,'教育学','Education','X',NULL,NULL),
	(83,25,'子ども学','Childhood science','X',NULL,NULL),
	(84,26,'応用人類学','Applied Anthropology','A',NULL,NULL),
	(85,26,'文化人類学','Cultural Anthropology','C',NULL,NULL),
	(86,26,'自然人類学','Physical Anthropology','P',NULL,NULL),
	(87,26,'その他　人類学','Anthropology','V',NULL,NULL),
	(88,27,'数学','Mathematics','X',NULL,NULL),
	(89,28,'計算科学','Computational Science','X',NULL,NULL),
	(90,29,'応用物理学','Applied Physics','A',NULL,NULL),
	(91,29,'基礎物理学','Basic Physics','B',NULL,NULL),
	(92,29,'物理学','Physics','P',NULL,NULL),
	(93,30,'応用化学','Applied Chemistry','A',NULL,NULL),
	(94,30,'化学共通','Chemistry','C',NULL,NULL),
	(95,30,'材料化学','Materials Chemistry','M',NULL,NULL),
	(96,31,'天文学','Astronomy','X',NULL,NULL),
	(97,32,'地球惑星科学','Earth and Planetary Science','X',NULL,NULL),
	(98,33,'生物学','Biology','X',NULL,NULL),
	(99,34,'ゲノム科学','Genome Science','X',NULL,NULL),
	(100,35,'社会医学','Social Medicine','A',NULL,NULL),
	(101,35,'細菌学（含真菌学）','Bacteriology(including Mycology)','B',NULL,NULL),
	(102,35,'臨床医学','Clinical Medicine','C',NULL,NULL),
	(103,35,'精神神経科学','Psychiatric Science','D',NULL,NULL),
	(104,35,'環境生理学（含体力医学・栄養生理学）','Evnvironmental Physiology(including Physical Medicine and Nutritional Physiology)','E',NULL,NULL),
	(105,35,'免疫学','Immunology','F',NULL,NULL),
	(106,35,'医学一般','General Medicine','G',NULL,NULL),
	(107,35,'人類遺伝学','Human Genetics','H',NULL,NULL),
	(108,35,'内科学','Internal Medicine','I',NULL,NULL),
	(109,35,'病態医化学','Pathological Medical Chemistry','J',NULL,NULL),
	(110,35,'応用薬理学','Applied Pharmacology','K',NULL,NULL),
	(111,35,'病態検査学','Laboratory Medicine','L',NULL,NULL),
	(112,35,'医学物理学・放射線技術学','Medical Physics and Radiation Technology','M',NULL,NULL),
	(113,35,'疼痛学','Pain Science','N',NULL,NULL),
	(114,35,'腫瘍学','Oncology','O',NULL,NULL),
	(115,35,'病理学','Pathology','P',NULL,NULL),
	(116,35,'代謝学','Metabolomics','Q',NULL,NULL),
	(117,35,'放射線科学','Radiation Science','R',NULL,NULL),
	(118,35,'外科学','Surgery','S',NULL,NULL),
	(119,35,'疫学・予防医学','Epidemiology and Preventive Medicine','T',NULL,NULL),
	(120,35,'内分泌学','Endocrinology','U',NULL,NULL),
	(121,35,'ウイルス学','Virology','V',NULL,NULL),
	(122,35,'胎児・新生児医学','Embryonic/Neonatal Medicine','W',NULL,NULL),
	(123,35,'寄生虫学（含衛生動物学）','Parasitology(including Sanitary Zoology)','Y',NULL,NULL),
	(124,36,'脳科学','Brain Sciences','X',NULL,NULL),
	(125,37,'看護学','Nursing','X',NULL,NULL),
	(126,38,'薬学','Pharmacy','X',NULL,NULL),
	(127,39,'ナノ・マイクロ科学','Nano/Micro Science','X',NULL,NULL),
	(128,40,'土木工学','Civil Engineering','X',NULL,NULL),
	(129,41,'環境学および持続可能性','Environmental Science and Sustainability','E',NULL,NULL),
	(130,41,'その他　環境学','Environmental Science','V',NULL,NULL),
	(131,42,'建築学','Architecural Design &amp; Engineering','X',NULL,NULL),
	(132,43,'科学技術論','Science and Technology Studies','X',NULL,NULL),
	(133,44,'機械工学','Mechanical Engineering','X',NULL,NULL),
	(134,45,'電気電子工学','Electrical and Electronic Engineering','X',NULL,NULL),
	(135,46,'経営システム工学・制御システム工学','Industrial and Management System Engineering/Control Engineering','M',NULL,NULL),
	(136,46,'その他制御・システム工学','Control Engineering/System Engineering','V',NULL,NULL),
	(137,47,'材料工学','Materials Engineering','X',NULL,NULL),
	(138,48,'プロセス・化学工学','Process/Chemical Engineering','X',NULL,NULL),
	(139,49,'経営工学','Industrial Engineering','X',NULL,NULL),
	(140,50,'実体情報学','Embodiment Informatics','E',NULL,NULL),
	(141,50,'総合工学','Integrated Engineering','I',NULL,NULL),
	(142,51,'人間科学基幹','Core of Human Sciences','A',NULL,NULL),
	(143,51,'環境科学','Environmental Sciences','B',NULL,NULL),
	(144,51,'社会環境','Social Environment','C',NULL,NULL),
	(145,51,'人類文化・歴史','Culture and History of Humankind','D',NULL,NULL),
	(146,51,'環境デザイン・行動心理','Environmental Design and Psychology of Behavior','E',NULL,NULL),
	(147,51,'健康・生命医科学','Health and Biomedical Sciences','F',NULL,NULL),
	(148,51,'医工人間学','Medicine, Engineering and Humanity','G',NULL,NULL),
	(149,51,'保健福祉学','Health and Social Welfare','H',NULL,NULL),
	(150,51,'臨床心理行動科学','Clinical Psychology and Behavioral Science','I',NULL,NULL),
	(151,51,'人間情報工学','Human Informatics and Ergonomics','J',NULL,NULL),
	(152,51,'教育コミュニケーション','Education and Communication','K',NULL,NULL),
	(153,52,'家政学','Home Economics','X',NULL,NULL),
	(154,53,'水圏','Aquatic','A',NULL,NULL),
	(155,53,'応用生物学','Applied Biology','B',NULL,NULL),
	(156,53,'環境農学','Environmental Agricultura','E',NULL,NULL),
	(157,53,'植物','Plant','P',NULL,NULL),
	(158,53,'社会・経済','Society and Economy','S',NULL,NULL),
	(159,53,'その他農学','Agricultural Sciences','V',NULL,NULL),
	(160,54,'観光学','Tourism and Hospitality','X',NULL,NULL),
	(161,55,'舞踊','Dance Studies','D',NULL,NULL),
	(162,55,'映像','Film Studies','F',NULL,NULL),
	(163,55,'美術史','Art History','H',NULL,NULL),
	(164,55,'音楽','Music','M',NULL,NULL),
	(165,55,'絵画/写真/平面','Picture','P',NULL,NULL),
	(166,55,'彫刻/立体','Sculpture','S',NULL,NULL),
	(167,55,'演劇','Theatre','T',NULL,NULL),
	(168,55,'その他　芸術/美術','Art Studies','V',NULL,NULL),
	(169,56,'デザイン学','Design Science','X',NULL,NULL),
	(170,57,'トレーナー','Athletic Training and Conditioning','A',NULL,NULL),
	(171,57,'スポーツビジネス','Sport Business','B',NULL,NULL),
	(172,57,'スポーツ文化','Culture of Sport','C',NULL,NULL),
	(173,57,'身体運動科学','Exercise Sciences','E',NULL,NULL),
	(174,57,'健康スポーツ','Sports and Health Promotion','H',NULL,NULL),
	(175,57,'スポーツ医科学','Sport Medicine and Science','M',NULL,NULL),
	(176,57,'スポーツ教育','Sport/Physical Education','P',NULL,NULL),
	(177,57,'スポーツ科学','Sport Sciences','S',NULL,NULL),
	(178,57,'スポーツコーチング','Sports Coaching','T',NULL,NULL),
	(179,58,'応用言語学','Applied Linguistics','A',NULL,NULL),
	(180,58,'外国語教育学','Foreign Language Education','F',NULL,NULL),
	(181,58,'歴史言語学','Historical Linguistics','H',NULL,NULL),
	(182,58,'言語情報学','Linguistic Informatics','I',NULL,NULL),
	(183,58,'日本語教育学','Japanese Language Education','J',NULL,NULL),
	(184,58,'理論言語学','Theoretical Linguistics','T',NULL,NULL),
	(185,59,'中国語','Chinese','C',NULL,NULL),
	(186,59,'英語','English','E',NULL,NULL),
	(187,59,'フランス語','French','F',NULL,NULL),
	(188,59,'ドイツ語','German','G',NULL,NULL),
	(189,59,'イタリア語','Italian','I',NULL,NULL),
	(190,59,'日本語','Japanese','J',NULL,NULL),
	(191,59,'朝鮮語','Korean','K',NULL,NULL),
	(192,59,'ロシア語','Russian','R',NULL,NULL),
	(193,59,'スペイン語','Spanish','S',NULL,NULL),
	(194,59,'その他言語','World Languages','V',NULL,NULL),
	(195,60,'中国文学','Chinese Literature','C',NULL,NULL),
	(196,60,'英語圏文学','Literature in English','E',NULL,NULL),
	(197,60,'フランス文学','French Literature','F',NULL,NULL),
	(198,60,'ドイツ文学','German Literature','G',NULL,NULL),
	(199,60,'イタリア文学','Italian Literature','I',NULL,NULL),
	(200,60,'日本文学','Japanese Literature','J',NULL,NULL),
	(201,60,'比較文学','Comparative Literature','O',NULL,NULL),
	(202,60,'ロシア文学','Russian Literature','R',NULL,NULL),
	(203,60,'スペイン語圏文学','Literature in Spanish','S',NULL,NULL),
	(204,60,'その他　文学','Literature','V',NULL,NULL),
	(205,61,'総合社会科学','General Social Science','A',NULL,NULL),
	(206,61,'シチズンシップ・政府','Citizenship/Government','B',NULL,NULL),
	(207,61,'産業・企業・労働','Industry/Company/Labor','C',NULL,NULL),
	(208,61,'グローバル社会','Global Society','D',NULL,NULL),
	(209,61,'人権・福祉','Human Rights/Welfare','E',NULL,NULL),
	(210,61,'環境・計画','Environment/Planning','F',NULL,NULL),
	(211,61,'思想・文化','Thought/Culture','G',NULL,NULL),
	(212,61,'都市','Urban Studies','H',NULL,NULL),
	(213,62,'文化（比較文化・ジェンダー論・カルチュラルスタディーズ）','Culture','C',NULL,NULL),
	(214,62,'表現（美術/映像/演劇/音楽/芸能/文学/メディア論）','Expression','E',NULL,NULL),
	(215,62,'人間医工学','Human Medical Engineering','H',NULL,NULL),
	(216,62,'人間（心理学/哲学/身体論/健康/セラピー）','Human','M',NULL,NULL),
	(217,63,'基礎演習','Basic Study Practice','X',NULL,NULL),
	(218,64,'保健体育','Health and Physical Education','X',NULL,NULL),
	(219,65,'教職科目','Teacher-Training Course Program','X',NULL,NULL),
	(220,66,'留学','Global Study Program','X',NULL,NULL),
	(221,67,'総合/学際','General Studies','X',NULL,NULL),
	(222,68,'指定なし','N/A','Z',NULL,NULL);

/*!40000 ALTER TABLE `seconds` ENABLE KEYS */;
UNLOCK TABLES;


# Dump of table terms
# ------------------------------------------------------------

DROP TABLE IF EXISTS `terms`;

CREATE TABLE `terms` (
  `id` bigint(20) unsigned NOT NULL AUTO_INCREMENT,
  `jp` varchar(25) COLLATE utf8mb4_unicode_ci NOT NULL,
  `en` varchar(50) COLLATE utf8mb4_unicode_ci NOT NULL,
  `code` varchar(50) COLLATE utf8mb4_unicode_ci DEFAULT NULL,
  `created_at` timestamp NULL DEFAULT NULL,
  `updated_at` timestamp NULL DEFAULT NULL,
  PRIMARY KEY (`id`)
) ENGINE=InnoDB DEFAULT CHARSET=utf8mb4 COLLATE=utf8mb4_unicode_ci;

LOCK TABLES `terms` WRITE;
/*!40000 ALTER TABLE `terms` DISABLE KEYS */;

INSERT INTO `terms` (`id`, `jp`, `en`, `code`, `created_at`, `updated_at`)
VALUES
	(1,'春学期','Spring semester',NULL,NULL,NULL),
	(2,'春クォーター','Spring quarter ',NULL,NULL,NULL),
	(3,'夏クォーター','Summer quarter',NULL,NULL,NULL),
	(4,'夏期集中','Summer',NULL,NULL,NULL),
	(5,'秋学期','Fall semester',NULL,NULL,NULL),
	(6,'秋クォーター','Fall quarter',NULL,NULL,NULL),
	(7,'冬クォーター','Winter quarter',NULL,NULL,NULL),
	(8,'冬季集中','Winter',NULL,NULL,NULL),
	(9,'通年','Full year',NULL,NULL,NULL),
	(10,'その他','Others',NULL,NULL,NULL);

/*!40000 ALTER TABLE `terms` ENABLE KEYS */;
UNLOCK TABLES;


# Dump of table thirds
# ------------------------------------------------------------

DROP TABLE IF EXISTS `thirds`;

CREATE TABLE `thirds` (
  `id` bigint(20) unsigned NOT NULL AUTO_INCREMENT,
  `first_id` int(11) NOT NULL,
  `second_id` int(11) NOT NULL,
  `jp` varchar(50) COLLATE utf8mb4_unicode_ci NOT NULL,
  `en` varchar(100) COLLATE utf8mb4_unicode_ci NOT NULL,
  `code` varchar(5) COLLATE utf8mb4_unicode_ci NOT NULL,
  `created_at` timestamp NULL DEFAULT NULL,
  `updated_at` timestamp NULL DEFAULT NULL,
  PRIMARY KEY (`id`)
) ENGINE=InnoDB DEFAULT CHARSET=utf8mb4 COLLATE=utf8mb4_unicode_ci;

LOCK TABLES `thirds` WRITE;
/*!40000 ALTER TABLE `thirds` DISABLE KEYS */;

INSERT INTO `thirds` (`id`, `first_id`, `second_id`, `jp`, `en`, `code`, `created_at`, `updated_at`)
VALUES
	(1,1,1,'概論','Introduction','0',NULL,NULL),
	(2,1,1,'一般','Algorithms and Complexity','1',NULL,NULL),
	(3,1,1,'卒業論文/研究、修士/博士論文','Graduation Paper/Master\'s Thesis/Doctoral Thesis','9',NULL,NULL),
	(4,1,2,'概論','Introduction','0',NULL,NULL),
	(5,1,2,'一般','Architecture and Organization','1',NULL,NULL),
	(6,1,2,'卒業論文/研究、修士/博士論文','Graduation Paper/Master\'s Thesis/Doctoral Thesis','9',NULL,NULL),
	(7,1,3,'概論','Introduction','0',NULL,NULL),
	(8,1,3,'一般','Computational Science','1',NULL,NULL),
	(9,1,3,'卒業論文/研究、修士/博士論文','Graduation Paper/Master\'s Thesis/Doctoral Thesis','9',NULL,NULL),
	(10,1,4,'概論','Introduction','0',NULL,NULL),
	(11,1,4,'一般','Discrete Structures','1',NULL,NULL),
	(12,1,4,'卒業論文/研究、修士/博士論文','Graduation Paper/Master\'s Thesis/Doctoral Thesis','9',NULL,NULL),
	(13,1,5,'概論','Introduction','0',NULL,NULL),
	(14,1,5,'一般','Graphics and Visualization','1',NULL,NULL),
	(15,1,5,'卒業論文/研究、修士/博士論文','Graduation Paper/Master\'s Thesis/Doctoral Thesis','9',NULL,NULL),
	(16,1,6,'概論','Introduction','0',NULL,NULL),
	(17,1,6,'一般','Human-Computer Interaction','1',NULL,NULL),
	(18,1,6,'卒業論文/研究、修士/博士論文','Graduation Paper/Master\'s Thesis/Doctoral Thesis','9',NULL,NULL),
	(19,1,7,'概論','Introduction','0',NULL,NULL),
	(20,1,7,'一般','Information Assurance and Security','1',NULL,NULL),
	(21,1,7,'卒業論文/研究、修士/博士論文','Graduation Paper/Master\'s Thesis/Doctoral Thesis','9',NULL,NULL),
	(22,1,8,'概論','Introduction','0',NULL,NULL),
	(23,1,8,'一般','Information Management','1',NULL,NULL),
	(24,1,8,'卒業論文/研究、修士/博士論文','Graduation Paper/Master\'s Thesis/Doctoral Thesis','9',NULL,NULL),
	(25,1,9,'概論','Introduction','0',NULL,NULL),
	(26,1,9,'一般','Intelligent Systems','1',NULL,NULL),
	(27,1,9,'卒業論文/研究、修士/博士論文','Graduation Paper/Master\'s Thesis/Doctoral Thesis','9',NULL,NULL),
	(28,1,10,'概論','Introduction','0',NULL,NULL),
	(29,1,10,'一般','Networking and Communications','1',NULL,NULL),
	(30,1,10,'卒業論文/研究、修士/博士論文','Graduation Paper/Master\'s Thesis/Doctoral Thesis','9',NULL,NULL),
	(31,1,11,'概論','Introduction','0',NULL,NULL),
	(32,1,11,'一般','Operating Systems','1',NULL,NULL),
	(33,1,11,'卒業論文/研究、修士/博士論文','Graduation Paper/Master\'s Thesis/Doctoral Thesis','9',NULL,NULL),
	(34,1,12,'概論','Introduction','0',NULL,NULL),
	(35,1,12,'一般','Platform-based Development','1',NULL,NULL),
	(36,1,12,'卒業論文/研究、修士/博士論文','Graduation Paper/Master\'s Thesis/Doctoral Thesis','9',NULL,NULL),
	(37,1,13,'概論','Introduction','0',NULL,NULL),
	(38,1,13,'一般','Parallel and Distributed Computing','1',NULL,NULL),
	(39,1,13,'卒業論文/研究、修士/博士論文','Graduation Paper/Master\'s Thesis/Doctoral Thesis','9',NULL,NULL),
	(40,1,14,'概論','Introduction','0',NULL,NULL),
	(41,1,14,'一般','Programming Languages','1',NULL,NULL),
	(42,1,14,'卒業論文/研究、修士/博士論文','Graduation Paper/Master\'s Thesis/Doctoral Thesis','9',NULL,NULL),
	(43,1,15,'概論','Introduction','0',NULL,NULL),
	(44,1,15,'一般','Software Development Fundamentals','1',NULL,NULL),
	(45,1,15,'卒業論文/研究、修士/博士論文','Graduation Paper/Master\'s Thesis/Doctoral Thesis','9',NULL,NULL),
	(46,1,16,'概論','Introduction','0',NULL,NULL),
	(47,1,16,'一般','Software Engineering','1',NULL,NULL),
	(48,1,16,'卒業論文/研究、修士/博士論文','Graduation Paper/Master\'s Thesis/Doctoral Thesis','9',NULL,NULL),
	(49,1,17,'概論','Introduction','0',NULL,NULL),
	(50,1,17,'一般','Systems Fundamentals','1',NULL,NULL),
	(51,1,17,'卒業論文/研究、修士/博士論文','Graduation Paper/Master\'s Thesis/Doctoral Thesis','9',NULL,NULL),
	(52,1,18,'概論','Introduction','0',NULL,NULL),
	(53,1,18,'一般','Social Issues and Professional Practice','1',NULL,NULL),
	(54,1,18,'卒業論文/研究、修士/博士論文','Graduation Paper/Master\'s Thesis/Doctoral Thesis','9',NULL,NULL),
	(55,1,19,'概論','Introduction','0',NULL,NULL),
	(56,1,19,'一般','Others','1',NULL,NULL),
	(57,1,19,'卒業論文/研究、修士/博士論文','Graduation Paper/Master\'s Thesis/Doctoral Thesis','9',NULL,NULL),
	(58,1,20,'概論','Introduction','0',NULL,NULL),
	(59,1,20,'一般','General','1',NULL,NULL),
	(60,1,20,'卒業論文/研究、修士/博士論文','Graduation Paper/Master\'s Thesis/Doctoral Thesis','9',NULL,NULL),
	(61,2,21,'図書館学/司書課程','Library Science/Librarian Course','0',NULL,NULL),
	(62,2,21,'卒業論文/研究、修士/博士論文','Graduation Paper/Master\'s Thesis/Doctoral Thesis','9',NULL,NULL),
	(63,3,22,'学芸員共通科目','Curator-Training Program','0',NULL,NULL),
	(64,3,22,'卒業論文/研究、修士/博士論文','Graduation Paper/Master\'s Thesis/Doctoral Thesis','9',NULL,NULL),
	(65,4,23,'概論','Introduction','0',NULL,NULL),
	(66,4,23,'その他','Others','8',NULL,NULL),
	(67,4,23,'卒業論文/研究、修士/博士論文','Graduation Paper/Master\'s Thesis/Doctoral Thesis','9',NULL,NULL),
	(68,5,24,'メディア研究','Media Studies','0',NULL,NULL),
	(69,5,24,'理論','Theory','1',NULL,NULL),
	(70,5,24,'歴史','History','2',NULL,NULL),
	(71,5,24,'産業','Industries','3',NULL,NULL),
	(72,5,24,'制度','Institutions','4',NULL,NULL),
	(73,5,24,'広報・宣伝','Public Relations and Advertising','5',NULL,NULL),
	(74,5,24,'運動・文化','Social Activities and Culture','6',NULL,NULL),
	(75,5,24,'その他','Others','8',NULL,NULL),
	(76,5,24,'卒業論文/研究、修士/博士論文','Graduation Paper/Master\'s Thesis/Doctoral Thesis','9',NULL,NULL),
	(77,6,25,'ジャーナリズム','Journalism','0',NULL,NULL),
	(78,6,25,'思想・倫理','Philosophy and Ethics','1',NULL,NULL),
	(79,6,25,'歴史','History','2',NULL,NULL),
	(80,6,25,'現代','Contemporary Journalism','3',NULL,NULL),
	(81,6,25,'国際・比較','International and Comparative Journalism','4',NULL,NULL),
	(82,6,25,'教育','Education','5',NULL,NULL),
	(83,6,25,'表現・技術','Representation and Technology','6',NULL,NULL),
	(84,6,25,'その他','Others','8',NULL,NULL),
	(85,6,25,'卒業論文/研究、修士/博士論文','Graduation Paper/Master\'s Thesis/Doctoral Thesis','9',NULL,NULL),
	(86,7,26,'概論','Introduction','0',NULL,NULL),
	(87,7,26,'インド仏教','Indian Buddhism','1',NULL,NULL),
	(88,7,26,'インド哲学','Indian Philosophy','2',NULL,NULL),
	(89,7,26,'中国思想','Chinese Thought','3',NULL,NULL),
	(90,7,26,'道教','Taoism','4',NULL,NULL),
	(91,7,26,'儒教','Confucianism','5',NULL,NULL),
	(92,7,26,'日本仏教/中国仏教','Japanese Buddhism/Chinese Buddhism','6',NULL,NULL),
	(93,7,26,'日本思想','Japanese Thought','7',NULL,NULL),
	(94,7,26,'その他','Others','8',NULL,NULL),
	(95,7,26,'卒業論文/研究、修士/博士論文','Graduation Paper/Master\'s Thesis/Doctoral Thesis','9',NULL,NULL),
	(96,7,27,'概論','Introduction','0',NULL,NULL),
	(97,7,27,'古典論理学','Classical Ｌogic','1',NULL,NULL),
	(98,7,27,'数理論理学','Mathematical Ｌogic','2',NULL,NULL),
	(99,7,27,'その他','Others','8',NULL,NULL),
	(100,7,27,'卒業論文/研究、修士/博士論文','Graduation Paper/Master\'s Thesis/Doctoral Thesis','9',NULL,NULL),
	(101,7,28,'概論','Introduction','0',NULL,NULL),
	(102,7,28,'倫理学史','History of Ethics','1',NULL,NULL),
	(103,7,28,'応用倫理学','Applied Ethics','2',NULL,NULL),
	(104,7,28,'メタ倫理学','Metaethics','3',NULL,NULL),
	(105,7,28,'その他','Others','8',NULL,NULL),
	(106,7,28,'卒業論文/研究、修士/博士論文','Graduation Paper/Master\'s Thesis/Doctoral Thesis','9',NULL,NULL),
	(107,7,29,'概論','Introduction','0',NULL,NULL),
	(108,7,29,'宗教哲学','Philosophy of Religion','1',NULL,NULL),
	(109,7,29,'宗教史学','History of Religions','2',NULL,NULL),
	(110,7,29,'宗教民俗学','Religious Folklore','3',NULL,NULL),
	(111,7,29,'その他','Others','8',NULL,NULL),
	(112,7,29,'卒業論文/研究、修士/博士論文','Graduation Paper/Master\'s Thesis/Doctoral Thesis','9',NULL,NULL),
	(113,7,30,'概論','Introduction','0',NULL,NULL),
	(114,7,30,'その他','Others','1',NULL,NULL),
	(115,7,30,'卒業論文/研究、修士/博士論文','Graduation Paper/Master\'s Thesis/Doctoral Thesis','9',NULL,NULL),
	(116,7,31,'概論','Introduction','0',NULL,NULL),
	(117,7,31,'古代思想史','Ancient Thought','1',NULL,NULL),
	(118,7,31,'中世思想史','Medieval Thought','2',NULL,NULL),
	(119,7,31,'近代思想史','Modern Thought','3',NULL,NULL),
	(120,7,31,'現代思想史','Contemporary Thought','4',NULL,NULL),
	(121,7,31,'その他','Others','8',NULL,NULL),
	(122,7,31,'卒業論文/研究、修士/博士論文','Graduation Paper/Master\'s Thesis/Doctoral Thesis','9',NULL,NULL),
	(123,7,32,'概論','Introduction','0',NULL,NULL),
	(124,7,32,'総論','General','1',NULL,NULL),
	(125,7,32,'その他','Others','8',NULL,NULL),
	(126,7,32,'卒業論文/研究、修士/博士論文','Graduation Paper/Master\'s Thesis/Doctoral Thesis','9',NULL,NULL),
	(127,7,33,'概論','Introduction','0',NULL,NULL),
	(128,7,33,'古代哲学','Ancient Philosophy','1',NULL,NULL),
	(129,7,33,'中世哲学','Medieval Philosophy','2',NULL,NULL),
	(130,7,33,'近代哲学','Modern Philosophy','3',NULL,NULL),
	(131,7,33,'現代哲学','Contemporary Philosophy','4',NULL,NULL),
	(132,7,33,'美学','Aesthetics','5',NULL,NULL),
	(133,7,33,'キリスト教思想','Christian Thought','6',NULL,NULL),
	(134,7,33,'その他','Others','8',NULL,NULL),
	(135,7,33,'卒業論文/研究、修士/博士論文','Graduation Paper/Master\'s Thesis/Doctoral Thesis','9',NULL,NULL),
	(136,8,34,'概論','Introduction','0',NULL,NULL),
	(137,8,34,'心理学研究法','Psychological Research Methods','1',NULL,NULL),
	(138,8,34,'心理学実験実習','Psychological Laboratory Training','2',NULL,NULL),
	(139,8,34,'知覚心理学・学習心理学','Psychology of Perception / Learning and behavior','3',NULL,NULL),
	(140,8,34,'生理心理学・比較心理学','Physiological / Comparative Psychology','4',NULL,NULL),
	(141,8,34,'教育心理学・発達心理学','Educational / Developmental Psychology','5',NULL,NULL),
	(142,8,34,'臨床心理学・人格心理学・精神分析学','Clinical / Personality Psychology / Psychoanalysis','6',NULL,NULL),
	(143,8,34,'社会心理学・産業心理学','Social / Industrial Psychology','7',NULL,NULL),
	(144,8,34,'その他','Others','8',NULL,NULL),
	(145,8,34,'卒業論文/研究、修士/博士論文','Graduation Paper/Master\'s Thesis/Doctoral Thesis','9',NULL,NULL),
	(146,9,35,'概論','Introduction','0',NULL,NULL),
	(147,9,35,'考古学史','A History of Archaeology','1',NULL,NULL),
	(148,9,35,'考古学の方法と理論','Method and Theory in Archaeology','2',NULL,NULL),
	(149,9,35,'日本考古学','Archaeology in Japan','3',NULL,NULL),
	(150,9,35,'外国考古学','Archaeology in Foreign Countries','4',NULL,NULL),
	(151,9,35,'文化遺産論・文化財行政学','Heritage　Management','5',NULL,NULL),
	(152,9,35,'考古学と関連科学','Archaeometry','6',NULL,NULL),
	(153,9,35,'考古学実習','Field &amp; Laboratory Work in Archaeology','7',NULL,NULL),
	(154,9,35,'その他','Others','8',NULL,NULL),
	(155,9,35,'卒業論文/研究、修士/博士論文','Graduation Paper/Master\'s Thesis/Doctoral Thesis','9',NULL,NULL),
	(156,10,36,'概論','Introduction','0',NULL,NULL),
	(157,10,36,'古代史','Ancient History','1',NULL,NULL),
	(158,10,36,'中世史','Medieval History','2',NULL,NULL),
	(159,10,36,'近世史','Early-modern History','3',NULL,NULL),
	(160,10,36,'近現代史','Modern History','4',NULL,NULL),
	(161,10,36,'その他','Others','8',NULL,NULL),
	(162,10,36,'卒業論文/研究、修士/博士論文','Graduation Paper/Master\'s Thesis/Doctoral Thesis','9',NULL,NULL),
	(163,10,37,'概論','Introduction','0',NULL,NULL),
	(164,10,37,'東アジア','East Asia','1',NULL,NULL),
	(165,10,37,'東南アジア','Southeast Asia','2',NULL,NULL),
	(166,10,37,'南アジア','South Asia','3',NULL,NULL),
	(167,10,37,'内陸アジア','Inner Asia','4',NULL,NULL),
	(168,10,37,'西アジア','West Asia','5',NULL,NULL),
	(169,10,37,'その他','Others','8',NULL,NULL),
	(170,10,37,'卒業論文/研究、修士/博士論文','Graduation Paper/Master\'s Thesis/Doctoral Thesis','9',NULL,NULL),
	(171,10,38,'概論','Introduction','0',NULL,NULL),
	(172,10,38,'近代史','Modern History','1',NULL,NULL),
	(173,10,38,'現代史','Contemporary History','2',NULL,NULL),
	(174,10,38,'その他','Others','8',NULL,NULL),
	(175,10,38,'卒業論文/研究、修士/博士論文','Graduation Paper/Master\'s Thesis/Doctoral Thesis','9',NULL,NULL),
	(176,10,39,'概論','Introduction','0',NULL,NULL),
	(177,10,39,'近代史','Modern History','1',NULL,NULL),
	(178,10,39,'現代史','Contemporary History','2',NULL,NULL),
	(179,10,39,'その他','Others','8',NULL,NULL),
	(180,10,39,'卒業論文/研究、修士/博士論文','Graduation Paper/Master\'s Thesis/Doctoral Thesis','9',NULL,NULL),
	(181,10,40,'概論','Introduction','0',NULL,NULL),
	(182,10,40,'古代史','Ancient History','1',NULL,NULL),
	(183,10,40,'中世史','Medieval History','2',NULL,NULL),
	(184,10,40,'近代史','Modern History','3',NULL,NULL),
	(185,10,40,'現代史','Contemporary History','4',NULL,NULL),
	(186,10,40,'その他','Others','8',NULL,NULL),
	(187,10,40,'卒業論文/研究、修士/博士論文','Graduation Paper/Master\'s Thesis/Doctoral Thesis','9',NULL,NULL),
	(188,10,41,'概論','Introduction','0',NULL,NULL),
	(189,10,41,'近代史','Modern History','1',NULL,NULL),
	(190,10,41,'現代史','Contemporary History','2',NULL,NULL),
	(191,10,41,'その他','Others','8',NULL,NULL),
	(192,10,41,'卒業論文/研究、修士/博士論文','Graduation Paper/Master\'s Thesis/Doctoral Thesis','9',NULL,NULL),
	(193,10,42,'概論','Introduction','0',NULL,NULL),
	(194,10,42,'近代史','Modern History','1',NULL,NULL),
	(195,10,42,'現代史','Contemporary History','2',NULL,NULL),
	(196,10,42,'その他','Others','8',NULL,NULL),
	(197,10,42,'卒業論文/研究、修士/博士論文','Graduation Paper/Master\'s Thesis/Doctoral Thesis','9',NULL,NULL),
	(198,10,43,'概論','Introduction','0',NULL,NULL),
	(199,10,43,'その他','Others','8',NULL,NULL),
	(200,10,43,'卒業論文/研究、修士/博士論文','Graduation Paper/Master\'s Thesis/Doctoral Thesis','9',NULL,NULL),
	(201,11,44,'概論','Introduction','0',NULL,NULL),
	(202,11,44,'その他','Others','8',NULL,NULL),
	(203,11,44,'卒業論文/研究、修士/博士論文','Graduation Paper/Master\'s Thesis/Doctoral Thesis','9',NULL,NULL),
	(204,11,45,'概論','Introduction','0',NULL,NULL),
	(205,11,45,'その他','Others','8',NULL,NULL),
	(206,11,45,'卒業論文/研究、修士/博士論文','Graduation Paper/Master\'s Thesis/Doctoral Thesis','9',NULL,NULL),
	(207,11,46,'概論','Introduction','0',NULL,NULL),
	(208,11,46,'その他','Others','8',NULL,NULL),
	(209,11,46,'卒業論文/研究、修士/博士論文','Graduation Paper/Master\'s Thesis/Doctoral Thesis','9',NULL,NULL),
	(210,11,47,'概論','Introduction','0',NULL,NULL),
	(211,11,47,'その他','Others','8',NULL,NULL),
	(212,11,47,'卒業論文/研究、修士/博士論文','Graduation Paper/Master\'s Thesis/Doctoral Thesis','9',NULL,NULL),
	(213,11,48,'概論','Introduction','0',NULL,NULL),
	(214,11,48,'その他','Others','8',NULL,NULL),
	(215,11,48,'卒業論文/研究、修士/博士論文','Graduation Paper/Master\'s Thesis/Doctoral Thesis','9',NULL,NULL),
	(216,11,49,'概論','Introduction','0',NULL,NULL),
	(217,11,49,'その他','Others','8',NULL,NULL),
	(218,11,49,'卒業論文/研究、修士/博士論文','Graduation Paper/Master\'s Thesis/Doctoral Thesis','9',NULL,NULL),
	(219,11,50,'概論','Introduction','0',NULL,NULL),
	(220,11,50,'その他','Others','8',NULL,NULL),
	(221,11,50,'卒業論文/研究、修士/博士論文','Graduation Paper/Master\'s Thesis/Doctoral Thesis','9',NULL,NULL),
	(222,11,51,'概論','Introduction','0',NULL,NULL),
	(223,11,51,'その他','Others','8',NULL,NULL),
	(224,11,51,'卒業論文/研究、修士/博士論文','Graduation Paper/Master\'s Thesis/Doctoral Thesis','9',NULL,NULL),
	(225,11,52,'概論','Introduction','0',NULL,NULL),
	(226,11,52,'その他','Others','8',NULL,NULL),
	(227,11,52,'卒業論文/研究、修士/博士論文','Graduation Paper/Master\'s Thesis/Doctoral Thesis','9',NULL,NULL),
	(228,11,53,'概論','Introduction','0',NULL,NULL),
	(229,11,53,'その他','Others','8',NULL,NULL),
	(230,11,53,'卒業論文/研究、修士/博士論文','Graduation Paper/Master\'s Thesis/Doctoral Thesis','9',NULL,NULL),
	(231,11,54,'概論','Introduction','0',NULL,NULL),
	(232,11,54,'その他','Others','8',NULL,NULL),
	(233,11,54,'卒業論文/研究、修士/博士論文','Graduation Paper/Master\'s Thesis/Doctoral Thesis','9',NULL,NULL),
	(234,11,55,'概論','Introduction','0',NULL,NULL),
	(235,11,55,'その他','Others','8',NULL,NULL),
	(236,11,55,'卒業論文/研究、修士/博士論文','Graduation Paper/Master\'s Thesis/Doctoral Thesis','9',NULL,NULL),
	(237,12,56,'地理学','Geography','0',NULL,NULL),
	(238,12,56,'卒業論文/研究、修士/博士論文','Graduation Paper/Master\'s Thesis/Doctoral Thesis','9',NULL,NULL),
	(239,13,57,'政治学','Political Science','0',NULL,NULL),
	(240,13,57,'現代政治/政治過程','Contemporary Politics/Political Process','1',NULL,NULL),
	(241,13,57,'政治思想','Political　Thoughts','2',NULL,NULL),
	(242,13,57,'比較政治','Comparative Politics','3',NULL,NULL),
	(243,13,57,'国際政治','International Politics','4',NULL,NULL),
	(244,13,57,'公共政策/行政学','Public Policy/Public Administration','5',NULL,NULL),
	(245,13,57,'歴史','Political History','6',NULL,NULL),
	(246,13,57,'制度/システム','Poitical Institutions/Political System','7',NULL,NULL),
	(247,13,57,'卒業論文/研究、修士/博士論文','Graduation Paper/Master\'s Thesis/Doctoral Thesis','9',NULL,NULL),
	(248,14,58,'概論','Introduction','0',NULL,NULL),
	(249,14,58,'国際関係史','International History','1',NULL,NULL),
	(250,14,58,'国際安全保障','International Security','2',NULL,NULL),
	(251,14,58,'国際政治経済学','International Political Economy','3',NULL,NULL),
	(252,14,58,'国際機構論','International Organizations','4',NULL,NULL),
	(253,14,58,'国際社会学','Global Sociology','5',NULL,NULL),
	(254,14,58,'トランスナショナル研究','Transnational Studies','6',NULL,NULL),
	(255,14,58,'外交政策論','Foreign Policy Studies','7',NULL,NULL),
	(256,14,58,'その他','Others','8',NULL,NULL),
	(257,14,58,'卒業論文/研究、修士/博士論文','Graduation Paper/Master\'s Thesis/Doctoral Thesis','9',NULL,NULL),
	(258,14,59,'概論','Introduction','0',NULL,NULL),
	(259,14,59,'地域統合研究','Regional Integration Studies','1',NULL,NULL),
	(260,14,59,'平和研究','Peace Studies','2',NULL,NULL),
	(261,14,59,'開発研究','Development Studies','3',NULL,NULL),
	(262,14,59,'国際人権論','International Human Rights','4',NULL,NULL),
	(263,14,59,'人間の安全保障','Human Security','5',NULL,NULL),
	(264,14,59,'グローバル・ガバナンス','Global Governance','6',NULL,NULL),
	(265,14,59,'国際コミュニケーション研究','International Communications Studies','7',NULL,NULL),
	(266,14,59,'その他','Others','8',NULL,NULL),
	(267,14,59,'卒業論文/研究、修士/博士論文','Graduation Paper/Master\'s Thesis/Doctoral Thesis','9',NULL,NULL),
	(268,15,60,'公法概論','Introduction to Public Law','0',NULL,NULL),
	(269,15,60,'憲法','Constitutional Law','1',NULL,NULL),
	(270,15,60,'行政法','Administrative Law','2',NULL,NULL),
	(271,15,60,'その他','Others','8',NULL,NULL),
	(272,15,60,'卒業論文/研究、修士/博士論文','Graduation Paper/Master\'s Thesis/Doctoral Thesis','9',NULL,NULL),
	(273,15,61,'民事法概論','Introduction to Civil Law and Procedure','0',NULL,NULL),
	(274,15,61,'民法','Civil Law','1',NULL,NULL),
	(275,15,61,'商法','Commercial Law','2',NULL,NULL),
	(276,15,61,'民事手続法','Law of Civil Procedure','3',NULL,NULL),
	(277,15,61,'その他','Others','8',NULL,NULL),
	(278,15,61,'卒業論文/研究、修士/博士論文','Graduation Paper/Master\'s Thesis/Doctoral Thesis','9',NULL,NULL),
	(279,15,62,'刑事法概論','Introduction to Laws on Criminal Matters','0',NULL,NULL),
	(280,15,62,'刑法','Criminal Law','1',NULL,NULL),
	(281,15,62,'刑事政策','Criminal Policy','2',NULL,NULL),
	(282,15,62,'刑事訴訟法','Law of Criminal Procedure','3',NULL,NULL),
	(283,15,62,'その他','Others','8',NULL,NULL),
	(284,15,62,'卒業論文/研究、修士/博士論文','Graduation Paper/Master\'s Thesis/Doctoral Thesis','9',NULL,NULL),
	(285,15,63,'基礎法概論','Introduction to Basic Legal Sciences','0',NULL,NULL),
	(286,15,63,'外国法','Foreign Law','1',NULL,NULL),
	(287,15,63,'法制史','Legal History','2',NULL,NULL),
	(288,15,63,'法哲学','Philosophy of Law','3',NULL,NULL),
	(289,15,63,'法社会学','Sociology of Law','4',NULL,NULL),
	(290,15,63,'その他','Others','8',NULL,NULL),
	(291,15,63,'卒業論文/研究、修士/博士論文','Graduation Paper/Master\'s Thesis/Doctoral Thesis','9',NULL,NULL),
	(292,15,64,'国際法概論','Introduction to International Law','0',NULL,NULL),
	(293,15,64,'国際公法','Public International Law','1',NULL,NULL),
	(294,15,64,'国際私法','Private International Law','2',NULL,NULL),
	(295,15,64,'その他','Others','8',NULL,NULL),
	(296,15,64,'卒業論文/研究、修士/博士論文','Graduation Paper/Master\'s Thesis/Doctoral Thesis','9',NULL,NULL),
	(297,15,65,'社会法概論','Introduction to Social Law','0',NULL,NULL),
	(298,15,65,'労働法','Labor and Employment Law','1',NULL,NULL),
	(299,15,65,'社会保障法','Social Security Law','2',NULL,NULL),
	(300,15,65,'ジェンダー法','Gender and Law','3',NULL,NULL),
	(301,15,65,'その他','Others','8',NULL,NULL),
	(302,15,65,'卒業論文/研究、修士/博士論文','Graduation Paper/Master\'s Thesis/Doctoral Thesis','9',NULL,NULL),
	(303,15,66,'新領域法学概論','Introduction to New Fields of Law','0',NULL,NULL),
	(304,15,66,'環境法','Environmental Law','1',NULL,NULL),
	(305,15,66,'知的財産法','Intellectual Property Law','2',NULL,NULL),
	(306,15,66,'経済法','Economic Law','3',NULL,NULL),
	(307,15,66,'租税法','Tax Law','4',NULL,NULL),
	(308,15,66,'医事法','Health Law/Medical Law','5',NULL,NULL),
	(309,15,66,'その他','Others','8',NULL,NULL),
	(310,15,66,'卒業論文/研究、修士/博士論文','Graduation Paper/Master\'s Thesis/Doctoral Thesis','9',NULL,NULL),
	(311,15,67,'概論','Introduction to Law','0',NULL,NULL),
	(312,15,67,'その他','Others','8',NULL,NULL),
	(313,15,67,'卒業論文/研究、修士/博士論文','Graduation Paper/Master\'s Thesis/Doctoral Thesis','9',NULL,NULL),
	(314,16,68,'応用経済学','Applied Economics','0',NULL,NULL),
	(315,16,68,'国際経済学・開発経済学','International Economics / Development Economics','1',NULL,NULL),
	(316,16,68,'金融論・ファイナンス','Money and Banking / Finance','2',NULL,NULL),
	(317,16,68,'財政学・公共経済学・経済政策','Public Finance / Public Economics / Economic Policy','3',NULL,NULL),
	(318,16,68,'労働経済学・医療経済学・教育経済学','Labor Economics / Health Economics / Education Economics','4',NULL,NULL),
	(319,16,68,'産業組織論・法と経済学','Industrial Organization / Law and Economics','5',NULL,NULL),
	(320,16,68,'農業経済学・環境経済学・資源経済学','Agricultural Economics / Environment Economics/Resource Economics','6',NULL,NULL),
	(321,16,68,'都市経済学・地域経済学','Urban Economics / Regional Economics','7',NULL,NULL),
	(322,16,68,'政治経済学','Political Economy','8',NULL,NULL),
	(323,16,68,'卒業論文/研究、修士/博士論文','Graduation Paper/Master\'s Thesis/Doctoral Thesis','9',NULL,NULL),
	(324,16,69,'経済学一般','Economics in General','0',NULL,NULL),
	(325,16,69,'卒業論文/研究、修士/博士論文','Graduation Paper/Master\'s Thesis/Doctoral Thesis','9',NULL,NULL),
	(326,16,70,'経済史','Economic History','0',NULL,NULL),
	(327,16,70,'卒業論文/研究、修士/博士論文','Graduation Paper/Master\'s Thesis/Doctoral Thesis','9',NULL,NULL),
	(328,16,71,'理論・計量経済学','Theoretical Economics / Econometrics','0',NULL,NULL),
	(329,16,71,'理論経済学・経済思想','Theoretical Economics / Economic Thought','1',NULL,NULL),
	(330,16,71,'経済統計','Economic Statistics','2',NULL,NULL),
	(331,16,71,'実験経済学 / 行動経済学','Experimental Economics / Behavioral Economics','3',NULL,NULL),
	(332,16,71,'卒業論文/研究、修士/博士論文','Graduation Paper/Master\'s Thesis/Doctoral Thesis','9',NULL,NULL),
	(333,17,72,'企業財務','Corporate Finance','0',NULL,NULL),
	(334,17,72,'卒業論文/研究、修士/博士論文','Graduation Paper/Master\'s Thesis/Doctoral Thesis','9',NULL,NULL),
	(335,17,73,'国際ビジネス・貿易','International Business and Trade','0',NULL,NULL),
	(336,17,73,'国際マーケティングマネジメント','International Marketing Management','1',NULL,NULL),
	(337,17,73,'ダイバシティマネジメント','Diversity Management','2',NULL,NULL),
	(338,17,73,'国際商務/貿易商務','International Commercial/Trade Transactions','3',NULL,NULL),
	(339,17,73,'貿易慣習','International Trade Usages','4',NULL,NULL),
	(340,17,73,'貿易論','International Trade','5',NULL,NULL),
	(341,17,73,'貿易政策','International Trade Policy','6',NULL,NULL),
	(342,17,73,'多国籍企業','Multinational Corporation','7',NULL,NULL),
	(343,17,73,'その他','Others','8',NULL,NULL),
	(344,17,73,'卒業論文/研究、修士/博士論文','Graduation Paper/Master\'s Thesis/Doctoral Thesis','9',NULL,NULL),
	(345,17,74,'マーケティング','Marketing','0',NULL,NULL),
	(346,17,74,'卒業論文/研究、修士/博士論文','Graduation Paper/Master\'s Thesis/Doctoral Thesis','9',NULL,NULL),
	(347,17,75,'概論','Introduction','0',NULL,NULL),
	(348,17,75,'保険論','Insurance','1',NULL,NULL),
	(349,17,75,'リスクマネジメント','Risk Management','2',NULL,NULL),
	(350,17,75,'保険制度','Insurance System','3',NULL,NULL),
	(351,17,75,'社会保険','Social Insurance','4',NULL,NULL),
	(352,17,75,'その他','Others','8',NULL,NULL),
	(353,17,75,'卒業論文/研究、修士/博士論文','Graduation Paper/Master\'s Thesis/Doctoral Thesis','9',NULL,NULL),
	(354,18,76,'概論','Introducion to management','0',NULL,NULL),
	(355,18,76,'経営組織','Organization Theory','1',NULL,NULL),
	(356,18,76,'人的資源管理','Human Resource Management','2',NULL,NULL),
	(357,18,76,'経営戦略','Strategic Management','3',NULL,NULL),
	(358,18,76,'国際経営','International Management','4',NULL,NULL),
	(359,18,76,'アントレプレナーシップ','Entrepreneurship','5',NULL,NULL),
	(360,18,76,'技術経営','Management of Technology','6',NULL,NULL),
	(361,18,76,'その他','Others','8',NULL,NULL),
	(362,18,76,'卒業論文/研究、修士/博士論文','Graduation Paper/Master\'s Thesis/Doctoral Thesis','9',NULL,NULL),
	(363,19,77,'会計学','Introduction to Accounting','0',NULL,NULL),
	(364,19,77,'財務会計','Financial Accounting','1',NULL,NULL),
	(365,19,77,'管理会計','Management Accounting','2',NULL,NULL),
	(366,19,77,'監査','Auditing','3',NULL,NULL),
	(367,19,77,'会計情報','Accounting Information','4',NULL,NULL),
	(368,19,77,'その他','Others','8',NULL,NULL),
	(369,19,77,'卒業論文/研究、修士/博士論文','Graduation Paper/Master\'s Thesis/Doctoral Thesis','9',NULL,NULL),
	(370,20,78,'統計学','Statistics','0',NULL,NULL),
	(371,20,78,'卒業論文/研究、修士/博士論文','Graduation Paper/Master\'s Thesis/Doctoral Thesis','9',NULL,NULL),
	(372,21,79,'概論','Introduction','0',NULL,NULL),
	(373,21,79,'社会学理論・社会学史・社会学方法論','Sociological Theory/History of Sociology/Methodology of Sociology','1',NULL,NULL),
	(374,21,79,'社会調査法','Social Research','2',NULL,NULL),
	(375,21,79,'家族・人口','Family/Population','3',NULL,NULL),
	(376,21,79,'地域社会・村落・都市','Regional Society/Rural Society/Urban Society','4',NULL,NULL),
	(377,21,79,'産業・労働','Industry/Labor','5',NULL,NULL),
	(378,21,79,'文化・宗教・社会意識','Culture/Religion/Social Consciousness','6',NULL,NULL),
	(379,21,79,'社会問題・社会運動','Social Problem/Social Movement','7',NULL,NULL),
	(380,21,79,'その他','Others','8',NULL,NULL),
	(381,21,79,'卒業論文/研究、修士/博士論文','Graduation Paper/Master\'s Thesis/Doctoral Thesis','9',NULL,NULL),
	(382,22,80,'社会・安全システム科学','Social Systems Engineering/Safety System','0',NULL,NULL),
	(383,22,80,'自然災害科学・防災学','Natural Disaster Prevention Science','1',NULL,NULL),
	(384,22,80,'卒業論文/研究、修士/博士論文','Graduation Paper/Master\'s Thesis/Doctoral Thesis','9',NULL,NULL),
	(385,23,81,'ジェンダー','Gender','0',NULL,NULL),
	(386,23,81,'卒業論文/研究、修士/博士論文','Graduation Paper/Master\'s Thesis/Doctoral Thesis','9',NULL,NULL),
	(387,24,82,'教育学','Education','0',NULL,NULL),
	(388,24,82,'教科教育学','Education on School Subjects and Activities','1',NULL,NULL),
	(389,24,82,'その他','Others','8',NULL,NULL),
	(390,24,82,'卒業論文/研究、修士/博士論文','Graduation Paper/Master\'s Thesis/Doctoral Thesis','9',NULL,NULL),
	(391,25,83,'子ども学','Childhood Science','0',NULL,NULL),
	(392,25,83,'卒業論文/研究、修士/博士論文','Graduation Paper/Master\'s Thesis/Doctoral Thesis','9',NULL,NULL),
	(393,26,84,'概論','Introduction','0',NULL,NULL),
	(394,26,84,'その他','Others','8',NULL,NULL),
	(395,26,84,'卒業論文/研究、修士/博士論文','Graduation Paper/Master\'s Thesis/Doctoral Thesis','9',NULL,NULL),
	(396,26,85,'概論','Introduction','0',NULL,NULL),
	(397,26,85,'その他','Others','8',NULL,NULL),
	(398,26,85,'卒業論文/研究、修士/博士論文','Graduation Paper/Master\'s Thesis/Doctoral Thesis','9',NULL,NULL),
	(399,26,86,'概論','Introduction','0',NULL,NULL),
	(400,26,86,'その他','Others','8',NULL,NULL),
	(401,26,86,'卒業論文/研究、修士/博士論文','Graduation Paper/Master\'s Thesis/Doctoral Thesis','9',NULL,NULL),
	(402,26,87,'概論','Introduction','0',NULL,NULL),
	(403,26,87,'その他','Others','8',NULL,NULL),
	(404,26,87,'卒業論文/研究、修士/博士論文','Graduation Paper/Master\'s Thesis/Doctoral Thesis','9',NULL,NULL),
	(405,27,88,'数学','Mathematics','0',NULL,NULL),
	(406,27,88,'代数学','Algebra','1',NULL,NULL),
	(407,27,88,'幾何学','Geometry','2',NULL,NULL),
	(408,27,88,'解析学','Analysis','3',NULL,NULL),
	(409,27,88,'確率論・統計学','Probability Theory/ Statistics','4',NULL,NULL),
	(410,27,88,'応用数学','Applied Mathematics','5',NULL,NULL),
	(411,27,88,'卒業論文/研究、修士/博士論文','Graduation Paper/Master\'s Thesis/Doctoral Thesis','9',NULL,NULL),
	(412,28,89,'計算科学','Computational Science','0',NULL,NULL),
	(413,28,89,'卒業論文/研究、修士/博士論文','Graduation Paper/Master\'s Thesis/Doctoral Thesis','9',NULL,NULL),
	(414,29,90,'応用物理学','Applied Physics','0',NULL,NULL),
	(415,29,90,'光学','Optics','1',NULL,NULL),
	(416,29,90,'物理工学','Engineering Physics','2',NULL,NULL),
	(417,29,90,'情報工学','Information Engineering','3',NULL,NULL),
	(418,29,90,'計測工学','Instrumentation Engineering','4',NULL,NULL),
	(419,29,90,'原子力工学','Nuclear Engineering','5',NULL,NULL),
	(420,29,90,'量子ビーム科学','Quantum beam science','6',NULL,NULL),
	(421,29,90,'プラズマ科学','Plasma science','7',NULL,NULL),
	(422,29,90,'地球物理学','Geophysics','8',NULL,NULL),
	(423,29,90,'卒業論文/研究、修士/博士論文','Graduation Paper/Master\'s Thesis/Doctoral Thesis','9',NULL,NULL),
	(424,29,91,'基礎物理学','Basic Physics','0',NULL,NULL),
	(425,29,91,'力学','Mechanics','1',NULL,NULL),
	(426,29,91,'電磁気学','Electromagnetism','2',NULL,NULL),
	(427,29,91,'熱・統計力学','Thermodynamics and Statistical Mechanics','3',NULL,NULL),
	(428,29,91,'量子力学','Quantum Mechanics','4',NULL,NULL),
	(429,29,91,'物理数学','Mathematics for Physics','5',NULL,NULL),
	(430,29,91,'卒業論文/研究、修士/博士論文','Graduation Paper/Master\'s Thesis/Doctoral Thesis','9',NULL,NULL),
	(431,29,92,'物理学','Physics','0',NULL,NULL),
	(432,29,92,'量子物理学','Quantum Physics','1',NULL,NULL),
	(433,29,92,'数理物理学','Mathematical Physics','2',NULL,NULL),
	(434,29,92,'宇宙物理学','Astrophysics &amp; Cosmology','3',NULL,NULL),
	(435,29,92,'統計物理学','Statistical Physics','4',NULL,NULL),
	(436,29,92,'原子核・素粒子物理学','Nuclear and Particle Physics','5',NULL,NULL),
	(437,29,92,'原子分子物理学','Atomic and Molecular Physics','6',NULL,NULL),
	(438,29,92,'凝縮系物理学','Condensed Matter Physics','7',NULL,NULL),
	(439,29,92,'生物物理学','Biophysics','8',NULL,NULL),
	(440,29,92,'卒業論文/研究、修士/博士論文','Graduation Paper/Master\'s Thesis/Doctoral Thesis','9',NULL,NULL),
	(441,30,93,'応用化学','Applied Chemistry','0',NULL,NULL),
	(442,30,93,'分析化学','Analytical Chemistry','1',NULL,NULL),
	(443,30,93,'生体関連化学','Bio-Related Chemistry','2',NULL,NULL),
	(444,30,93,'エネルギー関連化学','Energy-Related Chemistry','3',NULL,NULL),
	(445,30,93,'機能物性化学','Functional Solid State Chemistry','4',NULL,NULL),
	(446,30,93,'グリーン・環境化学','Green/Environmental Chemistry','5',NULL,NULL),
	(447,30,93,'高分子化学','Polymer Chemistry','6',NULL,NULL),
	(448,30,93,'合成化学','Synthetic Chemistry','7',NULL,NULL),
	(449,30,93,'生体分子化学','Biomolecular Chemistry','8',NULL,NULL),
	(450,30,93,'卒業論文/研究、修士/博士論文','Graduation Paper/Master\'s Thesis/Doctoral Thesis','9',NULL,NULL),
	(451,30,94,'化学共通','Chemistry','0',NULL,NULL),
	(452,30,94,'無機化学','Inorganic Chemistry','1',NULL,NULL),
	(453,30,94,'有機化学','Organic Chemistry','2',NULL,NULL),
	(454,30,94,'物理化学','Physical Chemistry','3',NULL,NULL),
	(455,30,94,'ケミカルバイオロジー','Chemical Biology','4',NULL,NULL),
	(456,30,94,'卒業論文/研究、修士/博士論文','Graduation Paper/Master\'s Thesis/Doctoral Thesis','9',NULL,NULL),
	(457,30,95,'材料化学','Materials Chemistry','0',NULL,NULL),
	(458,30,95,'デバイス関連化学','Device Related Chemistry','1',NULL,NULL),
	(459,30,95,'無機工業材料','Inorganic Industrial Materials','2',NULL,NULL),
	(460,30,95,'有機・ハイブリッド材料','Organic and Hybrid Materials','3',NULL,NULL),
	(461,30,95,'高分子・繊維材料','Polymer/Textile Materials','4',NULL,NULL),
	(462,30,95,'卒業論文/研究、修士/博士論文','Graduation Paper/Master\'s Thesis/Doctoral Thesis','9',NULL,NULL),
	(463,31,96,'天文学','Astronomy','0',NULL,NULL),
	(464,31,96,'卒業論文/研究、修士/博士論文','Graduation Paper/Master\'s Thesis/Doctoral Thesis','9',NULL,NULL),
	(465,32,97,'地球惑星科学','Earth and Planetary Science','0',NULL,NULL),
	(466,32,97,'地球宇宙化学','Geochemistry/Cosmochemistry','1',NULL,NULL),
	(467,32,97,'地質学','Geology','2',NULL,NULL),
	(468,32,97,'気象・海洋物理・陸水学','Meteorology/Physical Oceanography/Hydrology','3',NULL,NULL),
	(469,32,97,'岩石・鉱物・鉱床学','Petrology/Mineralogy/Economic Geology','4',NULL,NULL),
	(470,32,97,'固体地球惑星物理学','Solid Earth and Planetary Physics','5',NULL,NULL),
	(471,32,97,'超高層物理学','Speace and Upper Atmospheric Physics','6',NULL,NULL),
	(472,32,97,'層位・古生物学','Stratigraphy/Paleontology','7',NULL,NULL),
	(473,32,97,'卒業論文/研究、修士/博士論文','Graduation Paper/Master\'s Thesis/Doctoral Thesis','9',NULL,NULL),
	(474,33,98,'生物学','Biology','0',NULL,NULL),
	(475,33,98,'進化生物学','Evolutionary Biology','1',NULL,NULL),
	(476,33,98,'分子生物学','Molecular biology','2',NULL,NULL),
	(477,33,98,'生化学','Biochemistry','3',NULL,NULL),
	(478,33,98,'細胞生物学','Cell biology','4',NULL,NULL),
	(479,33,98,'動物生理学','Animal physiology','5',NULL,NULL),
	(480,33,98,'植物生理学','Plant physiology','6',NULL,NULL),
	(481,33,98,'発生生物学','Developmental biolgy','7',NULL,NULL),
	(482,33,98,'生態学','Ecology','8',NULL,NULL),
	(483,33,98,'卒業論文/研究、修士/博士論文','Graduation Paper/Master\'s Thesis/Doctoral Thesis','9',NULL,NULL),
	(484,34,99,'ゲノム科学','Genome Science','0',NULL,NULL),
	(485,34,99,'ゲノム生物学','Genome Biology','1',NULL,NULL),
	(486,34,99,'ゲノム医科学','Medical Genome Science','2',NULL,NULL),
	(487,34,99,'システムゲノム科学','System Genome Science','3',NULL,NULL),
	(488,34,99,'卒業論文/研究、修士/博士論文','Graduation Paper/Master\'s Thesis/Doctoral Thesis','9',NULL,NULL),
	(489,35,100,'社会医学','Social Medicine','0',NULL,NULL),
	(490,35,100,'医療社会学','Medical Sociology','1',NULL,NULL),
	(491,35,100,'衛生学・公衆衛生学','Hygiene and public health','2',NULL,NULL),
	(492,35,100,'法医学','Legal Medicine','3',NULL,NULL),
	(493,35,100,'病院・医療管理学','Medical and Hospital Managemen','4',NULL,NULL),
	(494,35,100,'健康人口学','Health Demography','5',NULL,NULL),
	(495,35,100,'卒業論文/研究、修士/博士論文','Graduation Paper/Master\'s Thesis/Doctoral Thesis','9',NULL,NULL),
	(496,35,101,'細菌学（含真菌学）','Bacteriology(including Mycology)','0',NULL,NULL),
	(497,35,101,'卒業論文/研究、修士/博士論文','Graduation Paper/Master\'s Thesis/Doctoral Thesis','9',NULL,NULL),
	(498,35,102,'臨床医学','Clinical Medicine','0',NULL,NULL),
	(499,35,102,'麻酔科学','Anesthesiology','1',NULL,NULL),
	(500,35,102,'救急医学','Emergency Medicine','2',NULL,NULL),
	(501,35,102,'産婦人科学','Obstetrics and Gynecology','3',NULL,NULL),
	(502,35,102,'眼科学','Ophthalmology','4',NULL,NULL),
	(503,35,102,'耳鼻咽喉科学','Otorhinolaryngology','5',NULL,NULL),
	(504,35,102,'泌尿器科学','Urology','6',NULL,NULL),
	(505,35,102,'皮膚科学','Dermatology','7',NULL,NULL),
	(506,35,102,'小児科学','Pediatrics','8',NULL,NULL),
	(507,35,102,'卒業論文/研究、修士/博士論文','Graduation Paper/Master\'s Thesis/Doctoral Thesis','9',NULL,NULL),
	(508,35,103,'精神神経科学','Psychiatric Science','0',NULL,NULL),
	(509,35,103,'卒業論文/研究、修士/博士論文','Graduation Paper/Master\'s Thesis/Doctoral Thesis','9',NULL,NULL),
	(510,35,104,'環境生理学（含体力医学・栄養生理学）','Evnvironmental Physiology(including Physical Medicine and Nutritional Physiology)','0',NULL,NULL),
	(511,35,104,'卒業論文/研究、修士/博士論文','Graduation Paper/Master\'s Thesis/Doctoral Thesis','9',NULL,NULL),
	(512,35,105,'免疫学','Immunology','0',NULL,NULL),
	(513,35,105,'卒業論文/研究、修士/博士論文','Graduation Paper/Master\'s Thesis/Doctoral Thesis','9',NULL,NULL),
	(514,35,106,'医学一般','General Medicine','0',NULL,NULL),
	(515,35,106,'解剖学一般（含組織学・発生学）','General Anatomy (including Histology/Embryology)','1',NULL,NULL),
	(516,35,106,'医化学一般','General Medical Chemistry','2',NULL,NULL),
	(517,35,106,'薬理学一般','General Pharmacology','3',NULL,NULL),
	(518,35,106,'生理学一般','General Physiology','4',NULL,NULL),
	(519,35,106,'卒業論文/研究、修士/博士論文','Graduation Paper/Master\'s Thesis/Doctoral Thesis','9',NULL,NULL),
	(520,35,107,'人類遺伝学','Human Genetics','0',NULL,NULL),
	(521,35,107,'卒業論文/研究、修士/博士論文','Graduation Paper/Master\'s Thesis/Doctoral Thesis','9',NULL,NULL),
	(522,35,108,'内科学','Internal Medicine','0',NULL,NULL),
	(523,35,108,'循環器内科学','Cardiovascular Medicine','1',NULL,NULL),
	(524,35,108,'膠原病・アレルギー内科学','Collagenous Pathology/Allergology','2',NULL,NULL),
	(525,35,108,'消化器内科学','Gastroenterology','3',NULL,NULL),
	(526,35,108,'血液内科学','Hematology','4',NULL,NULL),
	(527,35,108,'感染症内科学','Infectious Disease Medicine','5',NULL,NULL),
	(528,35,108,'腎臓内科学','Kidney Internal Medicine','6',NULL,NULL),
	(529,35,108,'神経内科学','Neurology','7',NULL,NULL),
	(530,35,108,'呼吸器内科学','Respiratory Organ Intermal Medicine','8',NULL,NULL),
	(531,35,108,'卒業論文/研究、修士/博士論文','Graduation Paper/Master\'s Thesis/Doctoral Thesis','9',NULL,NULL),
	(532,35,109,'病態医化学','Pathological Medical Chemistry','0',NULL,NULL),
	(533,35,109,'卒業論文/研究、修士/博士論文','Graduation Paper/Master\'s Thesis/Doctoral Thesis','9',NULL,NULL),
	(534,35,110,'応用薬理学','Applied Pharmacology','0',NULL,NULL),
	(535,35,110,'卒業論文/研究、修士/博士論文','Graduation Paper/Master\'s Thesis/Doctoral Thesis','9',NULL,NULL),
	(536,35,111,'病態検査学','Laboratory Medicine','0',NULL,NULL),
	(537,35,111,'卒業論文/研究、修士/博士論文','Graduation Paper/Master\'s Thesis/Doctoral Thesis','9',NULL,NULL),
	(538,35,112,'医学物理学・放射線技術学','Medical Physics and Radiation Technology','0',NULL,NULL),
	(539,35,112,'卒業論文/研究、修士/博士論文','Graduation Paper/Master\'s Thesis/Doctoral Thesis','9',NULL,NULL),
	(540,35,113,'疼痛学','Pain Science','0',NULL,NULL),
	(541,35,113,'卒業論文/研究、修士/博士論文','Graduation Paper/Master\'s Thesis/Doctoral Thesis','9',NULL,NULL),
	(542,35,114,'腫瘍学','Oncology','0',NULL,NULL),
	(543,35,114,'腫瘍生物学','Tumor Biology','1',NULL,NULL),
	(544,35,114,'腫瘍診断学','Tumor Diagnostics','2',NULL,NULL),
	(545,35,114,'腫瘍治療学','Tumor Therapeutics','3',NULL,NULL),
	(546,35,114,'卒業論文/研究、修士/博士論文','Graduation Paper/Master\'s Thesis/Doctoral Thesis','9',NULL,NULL),
	(547,35,115,'病理学','Pathology','0',NULL,NULL),
	(548,35,115,'実験病理学','Experimental Pathology','1',NULL,NULL),
	(549,35,115,'人体病理学','Human Pathology','2',NULL,NULL),
	(550,35,115,'卒業論文/研究、修士/博士論文','Graduation Paper/Master\'s Thesis/Doctoral Thesis','9',NULL,NULL),
	(551,35,116,'代謝学','Metabolomics','0',NULL,NULL),
	(552,35,116,'卒業論文/研究、修士/博士論文','Graduation Paper/Master\'s Thesis/Doctoral Thesis','9',NULL,NULL),
	(553,35,117,'放射線科学','Radiation Science','0',NULL,NULL),
	(554,35,117,'卒業論文/研究、修士/博士論文','Graduation Paper/Master\'s Thesis/Doctoral Thesis','9',NULL,NULL),
	(555,35,118,'外科学','Surgery','0',NULL,NULL),
	(556,35,118,'心臓血管外科学','Cardiovascular Surgery','1',NULL,NULL),
	(557,35,118,'消化器外科学','Digestive Surgery','2',NULL,NULL),
	(558,35,118,'脳神経外科学','Neurosurgery','3',NULL,NULL),
	(559,35,118,'整形外科学','Orthopaedic Surgery','4',NULL,NULL),
	(560,35,118,'小児外科学','Pediatric Surgery','5',NULL,NULL),
	(561,35,118,'形成外科学','Plastic Surgery','6',NULL,NULL),
	(562,35,118,'呼吸器外科学','Respiratory Surgery','7',NULL,NULL),
	(563,35,118,'卒業論文/研究、修士/博士論文','Graduation Paper/Master\'s Thesis/Doctoral Thesis','9',NULL,NULL),
	(564,35,119,'疫学・予防医学','Epidemiology and Preventive Medicine','0',NULL,NULL),
	(565,35,119,'卒業論文/研究、修士/博士論文','Graduation Paper/Master\'s Thesis/Doctoral Thesis','9',NULL,NULL),
	(566,35,120,'内分泌学','Endocrinology','0',NULL,NULL),
	(567,35,120,'卒業論文/研究、修士/博士論文','Graduation Paper/Master\'s Thesis/Doctoral Thesis','9',NULL,NULL),
	(568,35,121,'ウイルス学','Virology','0',NULL,NULL),
	(569,35,121,'卒業論文/研究、修士/博士論文','Graduation Paper/Master\'s Thesis/Doctoral Thesis','9',NULL,NULL),
	(570,35,122,'胎児・新生児医学','Embryonic/Neonatal Medicine','0',NULL,NULL),
	(571,35,122,'卒業論文/研究、修士/博士論文','Graduation Paper/Master\'s Thesis/Doctoral Thesis','9',NULL,NULL),
	(572,35,123,'寄生虫学（含衛生動物学）','Parasitology(including Sanitary Zoology)','0',NULL,NULL),
	(573,35,123,'卒業論文/研究、修士/博士論文','Graduation Paper/Master\'s Thesis/Doctoral Thesis','9',NULL,NULL),
	(574,36,124,'脳科学','Brain Sciences','0',NULL,NULL),
	(575,36,124,'基盤・社会脳科学','Basic/Social Brain Science','1',NULL,NULL),
	(576,36,124,'脳計測科学','Brain Biometrics','2',NULL,NULL),
	(577,36,124,'卒業論文/研究、修士/博士論文','Graduation Paper/Master\'s Thesis/Doctoral Thesis','9',NULL,NULL),
	(578,37,125,'看護学','Nursing','0',NULL,NULL),
	(579,37,125,'卒業論文/研究、修士/博士論文','Graduation Paper/Master\'s Thesis/Doctoral Thesis','9',NULL,NULL),
	(580,38,126,'薬学','Pharmacy','0',NULL,NULL),
	(581,38,126,'生物系薬学','Biological Pharmacy','1',NULL,NULL),
	(582,38,126,'化学系薬学','Chemical Pharmacy','2',NULL,NULL),
	(583,38,126,'創薬化学','Drug Development Chemistry','3',NULL,NULL),
	(584,38,126,'環境・衛生系薬学','Environmental and Hygienic Pharmacy','4',NULL,NULL),
	(585,38,126,'医療系薬学','Medical Pharmacy','5',NULL,NULL),
	(586,38,126,'天然資源系薬学','Natural Medicines','6',NULL,NULL),
	(587,38,126,'薬理系薬学','Pharmacology in Pharmacy','7',NULL,NULL),
	(588,38,126,'物理系薬学','Physical Pharmacy','8',NULL,NULL),
	(589,38,126,'卒業論文/研究、修士/博士論文','Graduation Paper/Master\'s Thesis/Doctoral Thesis','9',NULL,NULL),
	(590,39,127,'ナノ・マイクロ科学','Nano/Micro Science','0',NULL,NULL),
	(591,39,127,'ナノマイクロシステム','Nano/Microsystems','1',NULL,NULL),
	(592,39,127,'ナノバイオサイエンス','Nanobioscience','2',NULL,NULL),
	(593,39,127,'ナノ材料化学','Nanomaterials Chemistry','3',NULL,NULL),
	(594,39,127,'ナノ材料工学','Nanomaterials Engineering','4',NULL,NULL),
	(595,39,127,'ナノ構造化学','Nanostructural Chemistry','5',NULL,NULL),
	(596,39,127,'ナノ構造物理','Nanostructural Physics','6',NULL,NULL),
	(597,39,127,'卒業論文/研究、修士/博士論文','Graduation Paper/Master\'s Thesis/Doctoral Thesis','9',NULL,NULL),
	(598,40,128,'土木工学','Civil Engineering','0',NULL,NULL),
	(599,40,128,'土木環境システム','Civi and Environmental Engineering','1',NULL,NULL),
	(600,40,128,'土木材料・施工・建設マネジメント','Civi engineering Materials/Construction/Construction Management','2',NULL,NULL),
	(601,40,128,'土木計画学・交通工学','Civil Engineering Project/Traffic Engineering','3',NULL,NULL),
	(602,40,128,'地盤工学','Geotechnical Engineering','4',NULL,NULL),
	(603,40,128,'水工学','Hydaulic Engineering','5',NULL,NULL),
	(604,40,128,'構造工学・地震工学・維持管理工学','Structural Engineering/Earthquake Engineering/Maintenance Management Engineering','6',NULL,NULL),
	(605,40,128,'卒業論文/研究、修士/博士論文','Graduation Paper/Master\'s Thesis/Doctoral Thesis','9',NULL,NULL),
	(606,41,129,'環境学および持続可能性','Environmental Science and Sustainability','0',NULL,NULL),
	(607,41,129,'持続可能システム','Design and Evaluation of Sustainable and Environmental Conscious Ayatem','1',NULL,NULL),
	(608,41,129,'自然共生システム','Environmental and Ecological Symbiosis','2',NULL,NULL),
	(609,41,129,'環境材料・リサイクル','Environmental Cinscious Material and Recycle','3',NULL,NULL),
	(610,41,129,'卒業論文/研究、修士/博士論文','Graduation Paper/Master\'s Thesis/Doctoral Thesis','9',NULL,NULL),
	(611,41,130,'その他　環境学','Environmental Science','0',NULL,NULL),
	(612,41,130,'環境リスク制御・評価','Enviromental Risk Control and Evaluation','1',NULL,NULL),
	(613,41,130,'環境動態解析','Environmental Dynamic Analysis','2',NULL,NULL),
	(614,41,130,'環境技術・環境負荷低減','Environmental Engineering and Reduction of Environmental Burden','3',NULL,NULL),
	(615,41,130,'環境影響評価','Environmental Impact Assessment','4',NULL,NULL),
	(616,41,130,'環境政策・環境社会システム','Environmental Policy and Social Systems','5',NULL,NULL),
	(617,41,130,'環境モデリング・保全修復技術','Modeling and Technoligies for Environmental Conservation and Remediation','6',NULL,NULL),
	(618,41,130,'放射線・化学物質影響科学','Risk Sciences of Radiation and Chemicals','7',NULL,NULL),
	(619,41,130,'卒業論文/研究、修士/博士論文','Graduation Paper/Master\'s Thesis/Doctoral Thesis','9',NULL,NULL),
	(620,42,131,'建築学','Architecural Design &amp; Engineering','0',NULL,NULL),
	(621,42,131,'建築芸術','Architectural Art and Design','1',NULL,NULL),
	(622,42,131,'建築工学','Architectural Engineering','2',NULL,NULL),
	(623,42,131,'建築史','History of Architecture','3',NULL,NULL),
	(624,42,131,'建築計画','Architectural Design and Planning','4',NULL,NULL),
	(625,42,131,'都市計画','Urban Design','5',NULL,NULL),
	(626,42,131,'建築構造','Structural Design and Mechanics','6',NULL,NULL),
	(627,42,131,'建築環境設備','Architectural Environment Engineering','7',NULL,NULL),
	(628,42,131,'建築生産','Building Engineering','8',NULL,NULL),
	(629,42,131,'卒業論文/研究、修士/博士論文','Graduation Paper/Master\'s Thesis/Doctoral Thesis','9',NULL,NULL),
	(630,43,132,'科学技術論','Science and Technology Studies','0',NULL,NULL),
	(631,43,132,'科学哲学・科学基礎論','Philosophy of Science/Theory of Science','1',NULL,NULL),
	(632,43,132,'科学史・技術史','History of Science/Technology','2',NULL,NULL),
	(633,43,132,'科学社会学','Sociology of Science','3',NULL,NULL),
	(634,43,132,'科学技術倫理','Science and Engineering Ethics','4',NULL,NULL),
	(635,43,132,'科学技術政策','Science and Technology Policy','5',NULL,NULL),
	(636,43,132,'科学技術社会論','Science, Technology and Society','6',NULL,NULL),
	(637,43,132,'卒業論文/研究、修士/博士論文','Graduation Paper/Master\'s Thesis/Doctoral Thesis','9',NULL,NULL),
	(638,44,133,'機械工学','Mechanical Engineering','0',NULL,NULL),
	(639,44,133,'設計工学・機械機能要素・トライボロジー','Design Engineering/Machine Functional Elements/Tribology','1',NULL,NULL),
	(640,44,133,'機械力学','Dynamics','2',NULL,NULL),
	(641,44,133,'流体工学','Fluid Engineering','3',NULL,NULL),
	(642,44,133,'機械材料・材料力学','Materials/Mechanics of Mmaterials','4',NULL,NULL),
	(643,44,133,'知能機械学・機械システム','Mechanical Systems','5',NULL,NULL),
	(644,44,133,'生産工学・加工学','Production studies','6',NULL,NULL),
	(645,44,133,'熱工学','Thermal Engineering','7',NULL,NULL),
	(646,44,133,'卒業論文/研究、修士/博士論文','Graduation Paper/Master\'s Thesis/Doctoral Thesis','9',NULL,NULL),
	(647,45,134,'電気電子工学','Electrical and Electronic Engineering','0',NULL,NULL),
	(648,45,134,'通信・ネットワーク工学','Commumication/Network Engineering','1',NULL,NULL),
	(649,45,134,'電子デバイス・電子機器','Electron device/Electronic Equipment','2',NULL,NULL),
	(650,45,134,'電子・電気材料工学','Electronic Materials/Electric Materials/Electric Materials','3',NULL,NULL),
	(651,45,134,'計測工学','Measurement Engineering','4',NULL,NULL),
	(652,45,134,'電力工学・電力変換・電気機器','Power Engineering/Power Conversion/Electric Machinery','5',NULL,NULL),
	(653,45,134,'卒業論文/研究、修士/博士論文','Graduation Paper/Master\'s Thesis/Doctoral Thesis','9',NULL,NULL),
	(654,46,135,'経営システム工学・制御システム工学','Industrial and Management System Engineering/Control engineering','0',NULL,NULL),
	(655,46,135,'卒業論文/研究、修士/博士論文','Graduation Paper/Master\'s Thesis/Doctoral Thesis','9',NULL,NULL),
	(656,46,136,'制御・システム工学','Control Engineering/System Engineering','0',NULL,NULL),
	(657,46,136,'卒業論文/研究、修士/博士論文','Graduation Paper/Master\'s Thesis/Doctoral Thesis','9',NULL,NULL),
	(658,47,137,'材料工学','Materials Engineering','0',NULL,NULL),
	(659,47,137,'複合材料・表界面工学','Composite Materials/Surface and Interface Engineering','1',NULL,NULL),
	(660,47,137,'無機材料・物性','Inorganic Materials/Physical Propertoes','2',NULL,NULL),
	(661,47,137,'材料加工・組織制御工学','Material Processing/Misrostructural Control Engineering','3',NULL,NULL),
	(662,47,137,'金属・資源生産工学','Metal Making/Resorce Production Engineering','4',NULL,NULL),
	(663,47,137,'金属物性・材料','Physical Properties of Metals/Metal-Base Materials','5',NULL,NULL),
	(664,47,137,'構造・機能材料','Structural/Functional Materials','6',NULL,NULL),
	(665,47,137,'卒業論文/研究、修士/博士論文','Graduation Paper/Master\'s Thesis/Doctoral Thesis','9',NULL,NULL),
	(666,48,138,'プロセス・化学工学','Process/Chemical Engineering','0',NULL,NULL),
	(667,48,138,'生物機能・バイオプロセス','Biofunction/Bioprocess','1',NULL,NULL),
	(668,48,138,'触媒・資源化学プロセス','Catalyst/Resource Chemical Process','2',NULL,NULL),
	(669,48,138,'加工物・移動操作・単位操作','Properties in Chemical Engineering Process/Transfer Operation/Unit Operation','3',NULL,NULL),
	(670,48,138,'反応工学・プロセスシステム','Reaction Engineering/Process System','4',NULL,NULL),
	(671,48,138,'卒業論文/研究、修士/博士論文','Graduation Paper/Master\'s Thesis/Doctoral Thesis','9',NULL,NULL),
	(672,49,139,'経営工学','General Industrial Engineering','0',NULL,NULL),
	(673,49,139,'生産・物流システム工学','Manufacturing and Logistics Systems Engineering','1',NULL,NULL),
	(674,49,139,'施設・設備管理','Facility Management','2',NULL,NULL),
	(675,49,139,'マーケティング工学・製品サービス開発工学','Marketing Engineering, Product/Service Development','3',NULL,NULL),
	(676,49,139,'品質管理','Quality Management','4',NULL,NULL),
	(677,49,139,'経営情報システム','Management Information Systems','5',NULL,NULL),
	(678,49,139,'数理工学（含OR，確率・統計）','Mathematical Engineering: Operations Research, Statistics','6',NULL,NULL),
	(679,49,139,'人間工学・組織/人材マネジメント','Human Factors Engineering, Organization and Human Resource Management','7',NULL,NULL),
	(680,49,139,'事業経営（含技術経営，経済性工学）','Business Management: Technology Management, Engineering Economy','8',NULL,NULL),
	(681,49,139,'卒業論文/研究、修士/博士論文','Graduation Paper/Master\'s Thesis/Doctoral Thesis','9',NULL,NULL),
	(682,50,140,'実体情報学','Embodiment Informatics','0',NULL,NULL),
	(683,50,140,'卒業論文/研究、修士/博士論文','Graduation Paper/Master\'s Thesis/Doctoral Thesis','9',NULL,NULL),
	(684,50,141,'総合工学','Integrated Engineering','0',NULL,NULL),
	(685,50,141,'エネルギー学','Energy Engineering','1',NULL,NULL),
	(686,50,141,'地球・資源システム工学','Earth System and Resources Engineering','2',NULL,NULL),
	(687,50,141,'航空宇宙工学','Aerospace Engineering','3',NULL,NULL),
	(688,50,141,'船舶海洋工学','Naval and Maritime Engineering','4',NULL,NULL),
	(689,50,141,'原子力工学','Nuclear Engineering','5',NULL,NULL),
	(690,50,141,'核融合学','Nuclear Fusion Studies','6',NULL,NULL),
	(691,50,141,'卒業論文/研究、修士/博士論文','Graduation Paper/Master\'s Thesis/Doctoral Thesis','9',NULL,NULL),
	(692,51,142,'人間科学基幹','Core of Human Sciences','0',NULL,NULL),
	(693,51,142,'人間科学基礎','Basics of Human Sciences','1',NULL,NULL),
	(694,51,142,'人間科学教養','Liberal Arts in Human Sciences','2',NULL,NULL),
	(695,51,142,'人間科学データリテラシー','Data Literacy of Human Sciences','3',NULL,NULL),
	(696,51,142,'実験調査研究法','Experimental and Survey Research Methods','4',NULL,NULL),
	(697,51,142,'その他','Others','8',NULL,NULL),
	(698,51,142,'卒業論文/研究、修士/博士論文','Graduation Paper/Master\'s Thesis/Doctoral Thesis','9',NULL,NULL),
	(699,51,143,'環境科学','Environmental Sciences','0',NULL,NULL),
	(700,51,143,'卒業論文/研究、修士/博士論文','Graduation Paper/Master\'s Thesis/Doctoral Thesis','9',NULL,NULL),
	(701,51,144,'社会環境','Social Environment','0',NULL,NULL),
	(702,51,144,'卒業論文/研究、修士/博士論文','Graduation Paper/Master\'s Thesis/Doctoral Thesis','9',NULL,NULL),
	(703,51,145,'人類文化・歴史','Culture and History of Humankind','0',NULL,NULL),
	(704,51,145,'卒業論文/研究、修士/博士論文','Graduation Paper/Master\'s Thesis/Doctoral Thesis','9',NULL,NULL),
	(705,51,146,'環境デザイン・行動心理','Environmental Design and Psychology of Behavior','0',NULL,NULL),
	(706,51,146,'卒業論文/研究、修士/博士論文','Graduation Paper/Master\'s Thesis/Doctoral Thesis','9',NULL,NULL),
	(707,51,147,'健康・生命医科学','Health and Biomedical Sciences','0',NULL,NULL),
	(708,51,147,'卒業論文/研究、修士/博士論文','Graduation Paper/Master\'s Thesis/Doctoral Thesis','9',NULL,NULL),
	(709,51,148,'医工人間学','Medicine, Engineering and Humanity','0',NULL,NULL),
	(710,51,148,'卒業論文/研究、修士/博士論文','Graduation Paper/Master\'s Thesis/Doctoral Thesis','9',NULL,NULL),
	(711,51,149,'保健福祉学','Health and Social Welfare','0',NULL,NULL),
	(712,51,149,'卒業論文/研究、修士/博士論文','Graduation Paper/Master\'s Thesis/Doctoral Thesis','9',NULL,NULL),
	(713,51,150,'臨床心理行動科学','Clinical Psychology and Behavioral Science','0',NULL,NULL),
	(714,51,150,'卒業論文/研究、修士/博士論文','Graduation Paper/Master\'s Thesis/Doctoral Thesis','9',NULL,NULL),
	(715,51,151,'人間情報工学','Human Informatics and Ergonomics','0',NULL,NULL),
	(716,51,151,'卒業論文/研究、修士/博士論文','Graduation Paper/Master\'s Thesis/Doctoral Thesis','9',NULL,NULL),
	(717,51,152,'教育コミュニケーション','Education and Communication','0',NULL,NULL),
	(718,51,152,'卒業論文/研究、修士/博士論文','Graduation Paper/Master\'s Thesis/Doctoral Thesis','9',NULL,NULL),
	(719,52,153,'家政学','Home Economics','0',NULL,NULL),
	(720,52,153,'衣・住生活学','Clothing Life/Dwelling Life','1',NULL,NULL),
	(721,52,153,'生活科学','Life Science','2',NULL,NULL),
	(722,52,153,'食生活学','Eating Habits','3',NULL,NULL),
	(723,52,153,'育児','Child Care','4',NULL,NULL),
	(724,52,153,'卒業論文/研究、修士/博士論文','Graduation Paper/Master\'s Thesis/Doctoral Thesis','9',NULL,NULL),
	(725,53,154,'水圏','Aquatic','0',NULL,NULL),
	(726,53,154,'水圏生産科学','Aquatic Bioproduction Science','1',NULL,NULL),
	(727,53,154,'水圏生命科学','Aquatic Life Science','2',NULL,NULL),
	(728,53,154,'卒業論文/研究、修士/博士論文','Graduation Paper/Master\'s Thesis/Doctoral Thesis','9',NULL,NULL),
	(729,53,155,'応用生物学','Applied Biology','0',NULL,NULL),
	(730,53,155,'遺伝育種科学','Science in Genetics and Breeding','1',NULL,NULL),
	(731,53,155,'応用生物化学','Applied Biochemistry','2',NULL,NULL),
	(732,53,155,'応用微生物学','Applied Microbiology','3',NULL,NULL),
	(733,53,155,'応用分子細胞生物学','Applied Molecular and cellular biology','4',NULL,NULL),
	(734,53,155,'卒業論文/研究、修士/博士論文','Graduation Paper/Master\'s Thesis/Doctoral Thesis','9',NULL,NULL),
	(735,53,156,'環境農学','Environmental Agricultura','0',NULL,NULL),
	(736,53,156,'環境農学（含ランドスケープ科学）','Environmental Agricultura(including Landscape Science)','1',NULL,NULL),
	(737,53,156,'農業環境・情報工学','Agricultural Environmental Engineering/Agriculturalinfomation Engineering','2',NULL,NULL),
	(738,53,156,'地域環境工学・計画学','Rural Environmental Engineering/Planning','3',NULL,NULL),
	(739,53,156,'卒業論文/研究、修士/博士論文','Graduation Paper/Master\'s Thesis/Doctoral Thesis','9',NULL,NULL),
	(740,53,157,'植物','Plant','0',NULL,NULL),
	(741,53,157,'作物生産科学','Crop Production Science','1',NULL,NULL),
	(742,53,157,'園芸科学','Horticultural Science','2',NULL,NULL),
	(743,53,157,'植物保護科学','Plant Protection Science','3',NULL,NULL),
	(744,53,157,'植物栄養学・土壌学','Plant Nutrition/Soil Science','4',NULL,NULL),
	(745,53,157,'卒業論文/研究、修士/博士論文','Graduation Paper/Master\'s Thesis/Doctoral Thesis','9',NULL,NULL),
	(746,53,158,'社会・経済','Society and Economy','0',NULL,NULL),
	(747,53,158,'経営・経済農学','Agricultural Science in Management and Economy','1',NULL,NULL),
	(748,53,158,'社会・開発農学','Agricultural Science in Nural Society and Development','2',NULL,NULL),
	(749,53,158,'卒業論文/研究、修士/博士論文','Graduation Paper/Master\'s Thesis/Doctoral Thesis','9',NULL,NULL),
	(750,53,159,'農学','Agricultural Sciences','0',NULL,NULL),
	(751,53,159,'昆虫科学','Insect Science','1',NULL,NULL),
	(752,53,159,'森林科学','Forest Science','2',NULL,NULL),
	(753,53,159,'木質科学','Wood Science','3',NULL,NULL),
	(754,53,159,'動物生産科学','Animal Production Science','4',NULL,NULL),
	(755,53,159,'統合動物科学','Integrarive Animal Science','5',NULL,NULL),
	(756,53,159,'獣医学','Veterinary Medical Science','6',NULL,NULL),
	(757,53,159,'生物有機化学','Bioorganic Chemistry','7',NULL,NULL),
	(758,53,159,'食品科学','Food Science','8',NULL,NULL),
	(759,53,159,'卒業論文/研究、修士/博士論文','Graduation Paper/Master\'s Thesis/Doctoral Thesis','9',NULL,NULL),
	(760,54,160,'概論','Introduction to Tourism and Hospitaliy','0',NULL,NULL),
	(761,54,160,'ツーリズム','Travel and Tourism Management','1',NULL,NULL),
	(762,54,160,'ホスピタリティ','Hospitality Management','2',NULL,NULL),
	(763,54,160,'レジャー/リゾート','Leisure and Resort Management','3',NULL,NULL),
	(764,54,160,'その他','Others','8',NULL,NULL),
	(765,54,160,'卒業論文/研究、修士/博士論文','Graduation Paper/Master\'s Thesis/Doctoral Thesis','9',NULL,NULL),
	(766,55,161,'概論','Introduction','0',NULL,NULL),
	(767,55,161,'歴史','History','1',NULL,NULL),
	(768,55,161,'理論','Theory','2',NULL,NULL),
	(769,55,161,'表現分析','Expression Analysis','3',NULL,NULL),
	(770,55,161,'その他','Others','8',NULL,NULL),
	(771,55,161,'卒業論文/研究、修士/博士論文','Graduation Paper/Master\'s Thesis/Doctoral Thesis','9',NULL,NULL),
	(772,55,162,'概論','Introduction','0',NULL,NULL),
	(773,55,162,'歴史','History','1',NULL,NULL),
	(774,55,162,'理論','Theory','2',NULL,NULL),
	(775,55,162,'表現分析','Expression Analysis','3',NULL,NULL),
	(776,55,162,'その他','Others','8',NULL,NULL),
	(777,55,162,'卒業論文/研究、修士/博士論文','Graduation Paper/Master\'s Thesis/Doctoral Thesis','9',NULL,NULL),
	(778,55,163,'概論','Introduction','0',NULL,NULL),
	(779,55,163,'日本美術史','History of Japanese Art','1',NULL,NULL),
	(780,55,163,'東洋美術史','History of Oriental Art','2',NULL,NULL),
	(781,55,163,'西洋美術史','History of Western Art','3',NULL,NULL),
	(782,55,163,'その他','Others','8',NULL,NULL),
	(783,55,163,'卒業論文/研究、修士/博士論文','Graduation Paper/Master\'s Thesis/Doctoral Thesis','9',NULL,NULL),
	(784,55,164,'概論','Introduction','0',NULL,NULL),
	(785,55,164,'芸術/芸能論','Art / Performing Art','1',NULL,NULL),
	(786,55,164,'思想論','Thought','2',NULL,NULL),
	(787,55,164,'歴史','History','3',NULL,NULL),
	(788,55,164,'人類学/民俗学','Anthropology / Folklore','4',NULL,NULL),
	(789,55,164,'社会学','Sociology','5',NULL,NULL),
	(790,55,164,'文学','Literature','6',NULL,NULL),
	(791,55,164,'音楽情報科学','Intermedia Music','7',NULL,NULL),
	(792,55,164,'その他','Others','8',NULL,NULL),
	(793,55,164,'卒業論文/研究、修士/博士論文','Graduation Paper/Master\'s Thesis/Doctoral Thesis','9',NULL,NULL),
	(794,55,165,'概論','Introduction','0',NULL,NULL),
	(795,55,165,'絵画（日本）','Japanese picture','1',NULL,NULL),
	(796,55,165,'絵画（東洋）','Oriental Picture','2',NULL,NULL),
	(797,55,165,'絵画（西洋）','Western Picture','3',NULL,NULL),
	(798,55,165,'絵画（現代）','Contemporary Picture','4',NULL,NULL),
	(799,55,165,'写真','Photography','5',NULL,NULL),
	(800,55,165,'版画','Printing','6',NULL,NULL),
	(801,55,165,'その他','Others','8',NULL,NULL),
	(802,55,165,'卒業論文/研究、修士/博士論文','Graduation Paper/Master\'s Thesis/Doctoral Thesis','9',NULL,NULL),
	(803,55,166,'概論','Introduction','0',NULL,NULL),
	(804,55,166,'彫刻（日本）','Japanese Sculpture','1',NULL,NULL),
	(805,55,166,'彫刻（東洋）','Oriental Sculpture','2',NULL,NULL),
	(806,55,166,'彫刻（西洋）','Western Sculpture','3',NULL,NULL),
	(807,55,166,'彫刻/立体（現代）','Contemporary Sculpture','4',NULL,NULL),
	(808,55,166,'その他','Others','8',NULL,NULL),
	(809,55,166,'卒業論文/研究、修士/博士論文','Graduation Paper/Master\'s Thesis/Doctoral Thesis','9',NULL,NULL),
	(810,55,167,'概論','Introduction','0',NULL,NULL),
	(811,55,167,'歴史','History','1',NULL,NULL),
	(812,55,167,'理論','Theory','2',NULL,NULL),
	(813,55,167,'表現分析','Expression Analysis','3',NULL,NULL),
	(814,55,167,'その他','Others','8',NULL,NULL),
	(815,55,167,'卒業論文/研究、修士/博士論文','Graduation Paper/Master\'s Thesis/Doctoral Thesis','9',NULL,NULL),
	(816,55,168,'概論','Introduction','0',NULL,NULL),
	(817,55,168,'その他','Others','8',NULL,NULL),
	(818,55,168,'卒業論文/研究、修士/博士論文','Graduation Paper/Master\'s Thesis/Doctoral Thesis','9',NULL,NULL),
	(819,56,169,'デザイン学','Design Science','0',NULL,NULL),
	(820,56,169,'卒業論文/研究、修士/博士論文','Graduation Paper/Master\'s Thesis/Doctoral Thesis','9',NULL,NULL),
	(821,57,170,'トレーナー','Athletic Training and Conditioning','0',NULL,NULL),
	(822,57,170,'アスレティックトレーニング','Athletic Training','1',NULL,NULL),
	(823,57,170,'コンディショニング','Athletic Conditioning','2',NULL,NULL),
	(824,57,170,'救急処置','First Aid and CPR','3',NULL,NULL),
	(825,57,170,'解剖学','Human Anatomy','4',NULL,NULL),
	(826,57,170,'スポーツ傷害評価','Evaluation of Sports Injury','5',NULL,NULL),
	(827,57,170,'卒業論文/研究、修士/博士論文','Graduation Paper/Master\'s Thesis/Doctoral Thesis','9',NULL,NULL),
	(828,57,171,'スポーツビジネス','Sport Business','0',NULL,NULL),
	(829,57,171,'スポーツ経済学','Sport Economics','1',NULL,NULL),
	(830,57,171,'スポーツ経営学','Sport Management','2',NULL,NULL),
	(831,57,171,'アドミニストレーション','Sport Administration','3',NULL,NULL),
	(832,57,171,'スポーツビジネスマネジメント','Sport Business Management','4',NULL,NULL),
	(833,57,171,'スポーツマーケティング','Sports Marketing','5',NULL,NULL),
	(834,57,171,'トップスポーツマネジメント','Top Sports Management','6',NULL,NULL),
	(835,57,171,'スポーツクラブマネジメント','Sport Club Management','7',NULL,NULL),
	(836,57,171,'スポーツ組織','Sport Organization','8',NULL,NULL),
	(837,57,171,'卒業論文/研究、修士/博士論文','Graduation Paper/Master\'s Thesis/Doctoral Thesis','9',NULL,NULL),
	(838,57,172,'スポーツ文化','Culture of Sport','0',NULL,NULL),
	(839,57,172,'スポーツ人類学','Sport Anthropology','1',NULL,NULL),
	(840,57,172,'スポーツ史','Sports History','2',NULL,NULL),
	(841,57,172,'武道','Martial Arts','3',NULL,NULL),
	(842,57,172,'舞踊','Dancing','4',NULL,NULL),
	(843,57,172,'スポーツ社会学','Sports Sociology','5',NULL,NULL),
	(844,57,172,'スポーツメディア','Sports Media','6',NULL,NULL),
	(845,57,172,'卒業論文/研究、修士/博士論文','Graduation Paper/Master\'s Thesis/Doctoral Thesis','9',NULL,NULL),
	(846,57,173,'身体運動科学','Exercise Sciences','0',NULL,NULL),
	(847,57,173,'運動生理学','Exercise Physiology','1',NULL,NULL),
	(848,57,173,'生体ダイナミクス','Biodynamics','2',NULL,NULL),
	(849,57,173,'バイオメカニクス','Biomechanics','3',NULL,NULL),
	(850,57,173,'スポーツ神経科学','Sports Neuroscience','4',NULL,NULL),
	(851,57,173,'スポーツ神経生理学','Sports Neurophysiology','5',NULL,NULL),
	(852,57,173,'スポーツ心理学','Sport Psychology','6',NULL,NULL),
	(853,57,173,'運動生化学','Exercise Biochemistry','7',NULL,NULL),
	(854,57,173,'スポーツ栄養学','Sports Nutrition','8',NULL,NULL),
	(855,57,173,'卒業論文/研究、修士/博士論文','Graduation Paper/Master\'s Thesis/Doctoral Thesis','9',NULL,NULL),
	(856,57,174,'健康スポーツ','Sports and Health Promotion','0',NULL,NULL),
	(857,57,174,'健康運動疫学','Exercise Epidemiology','1',NULL,NULL),
	(858,57,174,'健康行動科学','Health and Behavioral Sciences','2',NULL,NULL),
	(859,57,174,'健康スポーツマネジメント','Management of Health and Fitness Promotion','3',NULL,NULL),
	(860,57,174,'介護予防','Long-tem Care Prevention','4',NULL,NULL),
	(861,57,174,'卒業論文/研究、修士/博士論文','Graduation Paper/Master\'s Thesis/Doctoral Thesis','9',NULL,NULL),
	(862,57,175,'スポーツ医科学','Sport Medicine and Science','0',NULL,NULL),
	(863,57,175,'スポーツ内科学','Sport Internal Medicine','1',NULL,NULL),
	(864,57,175,'運動免疫学','Exercise Immunology','2',NULL,NULL),
	(865,57,175,'スポーツ外科学','Sport Surgery','3',NULL,NULL),
	(866,57,175,'スポーツ整形外科学','Sport Orthopedics','4',NULL,NULL),
	(867,57,175,'スポーツ精神医科学','Sport Psychiatry','5',NULL,NULL),
	(868,57,175,'衛生学','Hygiene','6',NULL,NULL),
	(869,57,175,'予防医学','Preventive Medicine','7',NULL,NULL),
	(870,57,175,'卒業論文/研究、修士/博士論文','Graduation Paper/Master\'s Thesis/Doctoral Thesis','9',NULL,NULL),
	(871,57,176,'スポーツ教育','Sport/Physical Education','0',NULL,NULL),
	(872,57,176,'スポーツ教育学','Sport Pedagogy','1',NULL,NULL),
	(873,57,176,'スポーツ教授学','Sport Didactics','2',NULL,NULL),
	(874,57,176,'体育科教育学','Pedagogy of Physical Education','3',NULL,NULL),
	(875,57,176,'保健','Health Education','4',NULL,NULL),
	(876,57,176,'スポーツ倫理学','Sport Ethics','5',NULL,NULL),
	(877,57,176,'卒業論文/研究、修士/博士論文','Graduation Paper/Master\'s Thesis/Doctoral Thesis','9',NULL,NULL),
	(878,57,177,'スポーツ科学','Sport Sciences','0',NULL,NULL),
	(879,57,177,'卒業論文/研究、修士/博士論文','Graduation Paper/Master\'s Thesis/Doctoral Thesis','9',NULL,NULL),
	(880,57,178,'スポーツコーチング','Sports Coaching','0',NULL,NULL),
	(881,57,178,'スポーツ方法学','Sports Methodology','1',NULL,NULL),
	(882,57,178,'スポーツ運動学','Qualitative Analysis of Human Movement','2',NULL,NULL),
	(883,57,178,'チームスポーツコーチング','Team Sports Coaching','3',NULL,NULL),
	(884,57,178,'トップスポーツコーチング','Top Sports Coaching','4',NULL,NULL),
	(885,57,178,'エリートコーチング','Elite Coaching','5',NULL,NULL),
	(886,57,178,'スポーツ技術・戦術','Sports Technique and Stragegy','6',NULL,NULL),
	(887,57,178,'トレーニング','Sport Training','7',NULL,NULL),
	(888,57,178,'コーチング心理学','Sport Psychology for Coaching','8',NULL,NULL),
	(889,57,178,'卒業論文/研究、修士/博士論文','Graduation Paper/Master\'s Thesis/Doctoral Thesis','9',NULL,NULL),
	(890,58,179,'概論','Introduction','0',NULL,NULL),
	(891,58,179,'その他','Others','8',NULL,NULL),
	(892,58,179,'卒業論文/研究、修士/博士論文','Graduation Paper/Master\'s Thesis/Doctoral Thesis','9',NULL,NULL),
	(893,58,180,'概論','Introduction','0',NULL,NULL),
	(894,58,180,'中国語教育','Chinese Education','1',NULL,NULL),
	(895,58,180,'英語教育','English Education','2',NULL,NULL),
	(896,58,180,'ドイツ語教育','German Education','3',NULL,NULL),
	(897,58,180,'フランス語教育','French Education','4',NULL,NULL),
	(898,58,180,'スペイン語教育','Spanish Education','5',NULL,NULL),
	(899,58,180,'ロシア語教育','Russian Education','6',NULL,NULL),
	(900,58,180,'その他','Others','8',NULL,NULL),
	(901,58,180,'卒業論文/研究、修士/博士論文','Graduation Paper/Master\'s Thesis/Doctoral Thesis','9',NULL,NULL),
	(902,58,181,'概論','Introduction','0',NULL,NULL),
	(903,58,181,'その他','Others','8',NULL,NULL),
	(904,58,181,'卒業論文/研究、修士/博士論文','Graduation Paper/Master\'s Thesis/Doctoral Thesis','9',NULL,NULL),
	(905,58,182,'概論','Introduction','0',NULL,NULL),
	(906,58,182,'その他','Others','8',NULL,NULL),
	(907,58,182,'卒業論文/研究、修士/博士論文','Graduation Paper/Master\'s Thesis/Doctoral Thesis','9',NULL,NULL),
	(908,58,183,'概論','Introduction','0',NULL,NULL),
	(909,58,183,'日本語と教育','Japanese and Education','1',NULL,NULL),
	(910,58,183,'日本語と学習','Japanese and Learning','2',NULL,NULL),
	(911,58,183,'日本語と社会','Japanese and Society','3',NULL,NULL),
	(912,58,183,'日本語教育実習','Japanese Educational Practice','4',NULL,NULL),
	(913,58,183,'その他','Others','8',NULL,NULL),
	(914,58,183,'卒業論文/研究、修士/博士論文','Graduation Paper/Master\'s Thesis/Doctoral Thesis','9',NULL,NULL),
	(915,58,184,'概論','Introduction','0',NULL,NULL),
	(916,58,184,'その他','Others','8',NULL,NULL),
	(917,58,184,'卒業論文/研究、修士/博士論文','Graduation Paper/Master\'s Thesis/Doctoral Thesis','9',NULL,NULL),
	(918,59,185,'中国語','Chinese','0',NULL,NULL),
	(919,59,185,'卒業論文/研究、修士/博士論文','Graduation Paper/Master\'s Thesis/Doctoral Thesis','9',NULL,NULL),
	(920,59,186,'英語','English','0',NULL,NULL),
	(921,59,186,'卒業論文/研究、修士/博士論文','Graduation Paper/Master\'s Thesis/Doctoral Thesis','9',NULL,NULL),
	(922,59,187,'フランス語','French','0',NULL,NULL),
	(923,59,187,'卒業論文/研究、修士/博士論文','Graduation Paper/Master\'s Thesis/Doctoral Thesis','9',NULL,NULL),
	(924,59,188,'ドイツ語','German','0',NULL,NULL),
	(925,59,188,'卒業論文/研究、修士/博士論文','Graduation Paper/Master\'s Thesis/Doctoral Thesis','9',NULL,NULL),
	(926,59,189,'イタリア語','Itaｌian','0',NULL,NULL),
	(927,59,189,'卒業論文/研究、修士/博士論文','Graduation Paper/Master\'s Thesis/Doctoral Thesis','9',NULL,NULL),
	(928,59,190,'日本語','Japanese','0',NULL,NULL),
	(929,59,190,'卒業論文/研究、修士/博士論文','Graduation Paper/Master\'s Thesis/Doctoral Thesis','9',NULL,NULL),
	(930,59,191,'朝鮮語','Korean','0',NULL,NULL),
	(931,59,191,'卒業論文/研究、修士/博士論文','Graduation Paper/Master\'s Thesis/Doctoral Thesis','9',NULL,NULL),
	(932,59,192,'ロシア語','Russian','0',NULL,NULL),
	(933,59,192,'卒業論文/研究、修士/博士論文','Graduation Paper/Master\'s Thesis/Doctoral Thesis','9',NULL,NULL),
	(934,59,193,'スペイン語','Spanish','0',NULL,NULL),
	(935,59,193,'卒業論文/研究、修士/博士論文','Graduation Paper/Master\'s Thesis/Doctoral Thesis','9',NULL,NULL),
	(936,59,194,'その他言語','World Languages','0',NULL,NULL),
	(937,59,194,'卒業論文/研究、修士/博士論文','Graduation Paper/Master\'s Thesis/Doctoral Thesis','9',NULL,NULL),
	(938,60,195,'概論','Introduction','0',NULL,NULL),
	(939,60,195,'中国古典文学','Ancient Chinese Classics','1',NULL,NULL),
	(940,60,195,'中国近世文学','Early Modern Chinese Literature','2',NULL,NULL),
	(941,60,195,'中国近現代文学','Modern Chinese Literature','3',NULL,NULL),
	(942,60,195,'中国語学','Chinese Linguistics','4',NULL,NULL),
	(943,60,195,'その他','Others','8',NULL,NULL),
	(944,60,195,'卒業論文/研究、修士/博士論文','Graduation Paper/Master\'s Thesis/Doctoral Thesis','9',NULL,NULL),
	(945,60,196,'概論','Introduction','0',NULL,NULL),
	(946,60,196,'小説','Novel','1',NULL,NULL),
	(947,60,196,'詩','Poetry','2',NULL,NULL),
	(948,60,196,'戯曲','Drama','3',NULL,NULL),
	(949,60,196,'文学史','History of Literature','4',NULL,NULL),
	(950,60,196,'英語学','English Linguistics/ English Language Teaching','5',NULL,NULL),
	(951,60,196,'文学批評理論','Literary Theory','6',NULL,NULL),
	(952,60,196,'その他','Others','8',NULL,NULL),
	(953,60,196,'卒業論文/研究、修士/博士論文','Graduation Paper/Master\'s Thesis/Doctoral Thesis','9',NULL,NULL),
	(954,60,197,'概論','Introduction','0',NULL,NULL),
	(955,60,197,'フランス語史','Language History','1',NULL,NULL),
	(956,60,197,'フランス文学史','French Literary History','2',NULL,NULL),
	(957,60,197,'フランス小説・詩','Poesy and Romance','3',NULL,NULL),
	(958,60,197,'フランス文学批評','Literary Criticism','4',NULL,NULL),
	(959,60,197,'フランス語文献学','Philology','5',NULL,NULL),
	(960,60,197,'その他','Others','8',NULL,NULL),
	(961,60,197,'卒業論文/研究、修士/博士論文','Graduation Paper/Master\'s Thesis/Doctoral Thesis','9',NULL,NULL),
	(962,60,198,'概論','Introduction','0',NULL,NULL),
	(963,60,198,'中世ドイツ文学','Medieval German Literature','1',NULL,NULL),
	(964,60,198,'近世ドイツ文学','Early Modern German Literature','2',NULL,NULL),
	(965,60,198,'18・19世紀ドイツ文学','18th- and 19th-Century German Literature','3',NULL,NULL),
	(966,60,198,'20世紀ドイツ文学','20th-Century German Literature','4',NULL,NULL),
	(967,60,198,'現代ドイツ文学','Contemporary German Literature','5',NULL,NULL),
	(968,60,198,'その他','Others','8',NULL,NULL),
	(969,60,198,'卒業論文/研究、修士/博士論文','Graduation Paper/Master\'s Thesis/Doctoral Thesis','9',NULL,NULL),
	(970,60,199,'概論','Introduction','0',NULL,NULL),
	(971,60,199,'その他','Others','8',NULL,NULL),
	(972,60,199,'卒業論文/研究、修士/博士論文','Graduation Paper/Master\'s Thesis/Doctoral Thesis','9',NULL,NULL),
	(973,60,200,'概論','Introduction','0',NULL,NULL),
	(974,60,200,'日本上代文学（韻文・散文）','Japanese Ancient　Literature','1',NULL,NULL),
	(975,60,200,'日本中古文学（韻文・散文）','Japanese Premedieval Literature','2',NULL,NULL),
	(976,60,200,'日本中世文学（韻文・散文）','Japanese Medieval Literature','3',NULL,NULL),
	(977,60,200,'日本近世文学（韻文・散文）','Japanese PreModern Literature','4',NULL,NULL),
	(978,60,200,'和漢比較文学','Wakan Comparative　Literature','5',NULL,NULL),
	(979,60,200,'日本近現代文学','Japanese Modern and Contemporary　Literature','6',NULL,NULL),
	(980,60,200,'日本語学','Japanese Linguistics','7',NULL,NULL),
	(981,60,200,'その他','Others','8',NULL,NULL),
	(982,60,200,'卒業論文/研究、修士/博士論文','Graduation Paper/Master\'s Thesis/Doctoral Thesis','9',NULL,NULL),
	(983,60,201,'概論','Introduction','0',NULL,NULL),
	(984,60,201,'その他','Others','8',NULL,NULL),
	(985,60,201,'卒業論文/研究、修士/博士論文','Graduation Paper/Master\'s Thesis/Doctoral Thesis','9',NULL,NULL),
	(986,60,202,'概論','Introduction','0',NULL,NULL),
	(987,60,202,'その他','Others','8',NULL,NULL),
	(988,60,202,'卒業論文/研究、修士/博士論文','Graduation Paper/Master\'s Thesis/Doctoral Thesis','9',NULL,NULL),
	(989,60,203,'概論','Introduction','0',NULL,NULL),
	(990,60,203,'スペイン文学','Literature in Spain','1',NULL,NULL),
	(991,60,203,'ラテンアメリカ文学','Literature in Latin America','2',NULL,NULL),
	(992,60,203,'その他','Others','8',NULL,NULL),
	(993,60,203,'卒業論文/研究、修士/博士論文','Graduation Paper/Master\'s Thesis/Doctoral Thesis','9',NULL,NULL),
	(994,60,204,'概論','Introduction','0',NULL,NULL),
	(995,60,204,'文学理論','Theory of Literature','1',NULL,NULL),
	(996,60,204,'その他','Others','8',NULL,NULL),
	(997,60,204,'卒業論文/研究、修士/博士論文','Graduation Paper/Master\'s Thesis/Doctoral Thesis','9',NULL,NULL),
	(998,61,205,'総合社会科学','General Social Science','0',NULL,NULL),
	(999,61,205,'社会科学の今日的課題','Contemporary Issues of The Social Science','1',NULL,NULL),
	(1000,61,205,'現代文化','Contemporary Japan','2',NULL,NULL),
	(1001,61,205,'卒業論文/研究、修士/博士論文','Graduation Paper/Master\'s Thesis/Doctoral Thesis','9',NULL,NULL),
	(1002,61,206,'シチズンシップ・政府','Citizenship/Government','0',NULL,NULL),
	(1003,61,206,'卒業論文/研究、修士/博士論文','Graduation Paper/Master\'s Thesis/Doctoral Thesis','9',NULL,NULL),
	(1004,61,207,'産業・企業・労働','Industry/Company','0',NULL,NULL),
	(1005,61,207,'卒業論文/研究、修士/博士論文','Graduation Paper/Master\'s Thesis/Doctoral Thesis','9',NULL,NULL),
	(1006,61,208,'グローバル社会','Global Society','0',NULL,NULL),
	(1007,61,208,'卒業論文/研究、修士/博士論文','Graduation Paper/Master\'s Thesis/Doctoral Thesis','9',NULL,NULL),
	(1008,61,209,'人権・福祉','Human Rights/Welfare','0',NULL,NULL),
	(1009,61,209,'卒業論文/研究、修士/博士論文','Graduation Paper/Master\'s Thesis/Doctoral Thesis','9',NULL,NULL),
	(1010,61,210,'環境・計画','Environment/Planning','0',NULL,NULL),
	(1011,61,210,'卒業論文/研究、修士/博士論文','Graduation Paper/Master\'s Thesis/Doctoral Thesis','9',NULL,NULL),
	(1012,61,211,'思想・文化','Thought/Culture','0',NULL,NULL),
	(1013,61,211,'卒業論文/研究、修士/博士論文','Graduation Paper/Master\'s Thesis/Doctoral Thesis','9',NULL,NULL),
	(1014,61,212,'都市','Urban Studies','0',NULL,NULL),
	(1015,61,212,'卒業論文/研究、修士/博士論文','Graduation Paper/Master\'s Thesis/Doctoral Thesis','9',NULL,NULL),
	(1016,62,213,'概論','Introduction','0',NULL,NULL),
	(1017,62,213,'比較文化','Comparative Culture','1',NULL,NULL),
	(1018,62,213,'ジェンダー論','Gender','2',NULL,NULL),
	(1019,62,213,'カルチュラルスタディーズ','Cultural Studies','3',NULL,NULL),
	(1020,62,213,'その他','Others','8',NULL,NULL),
	(1021,62,213,'卒業論文/研究、修士/博士論文','Graduation Paper/Master\'s Thesis/Doctoral Thesis','9',NULL,NULL),
	(1022,62,214,'概論','Introduction','0',NULL,NULL),
	(1023,62,214,'美術','Art','1',NULL,NULL),
	(1024,62,214,'映像','Cinema','2',NULL,NULL),
	(1025,62,214,'パフォーマンス','Performance','3',NULL,NULL),
	(1026,62,214,'音楽','Music','4',NULL,NULL),
	(1027,62,214,'文学','Literature','5',NULL,NULL),
	(1028,62,214,'メディア論','Media','6',NULL,NULL),
	(1029,62,214,'イメージ論','Image theories','7',NULL,NULL),
	(1030,62,214,'その他','Others','8',NULL,NULL),
	(1031,62,214,'卒業論文/研究、修士/博士論文','Graduation Paper/Master\'s Thesis/Doctoral Thesis','9',NULL,NULL),
	(1032,62,215,'概論','Introduction','0',NULL,NULL),
	(1033,62,215,'生体医工学','Biomedical Engineering','1',NULL,NULL),
	(1034,62,215,'生体材料学','Biocompatible Material','2',NULL,NULL),
	(1035,62,215,'医用システム','Medical System','3',NULL,NULL),
	(1036,62,215,'医療技術評価学','Health Technology Assessment','4',NULL,NULL),
	(1037,62,215,'その他','Others','8',NULL,NULL),
	(1038,62,215,'卒業論文/研究、修士/博士論文','Graduation Paper/Master\'s Thesis/Doctoral Thesis','9',NULL,NULL),
	(1039,62,216,'概論','Introduction','0',NULL,NULL),
	(1040,62,216,'多様性','Diversity','1',NULL,NULL),
	(1041,62,216,'関係構成','Human and Social Relationship','2',NULL,NULL),
	(1042,62,216,'人間発達','Human Development','3',NULL,NULL),
	(1043,62,216,'福祉社会','Welfare Society','4',NULL,NULL),
	(1044,62,216,'心身論','Mind-Body Theory','5',NULL,NULL),
	(1045,62,216,'その他','Others','8',NULL,NULL),
	(1046,62,216,'卒業論文/研究、修士/博士論文','Graduation Paper/Master\'s Thesis/Doctoral Thesis','9',NULL,NULL),
	(1047,63,217,'基礎演習','Basic Study Practice','0',NULL,NULL),
	(1048,63,217,'卒業論文/研究、修士/博士論文','Graduation Paper/Master\'s Thesis/Doctoral Thesis','9',NULL,NULL),
	(1049,64,218,'保健体育','Health and Physical Education','0',NULL,NULL),
	(1050,64,218,'卒業論文/研究、修士/博士論文','Graduation Paper/Master\'s Thesis/Doctoral Thesis','9',NULL,NULL),
	(1051,65,219,'教職科目','Teacher-Training Course Program','0',NULL,NULL),
	(1052,65,219,'卒業論文/研究、修士/博士論文','Graduation Paper/Master\'s Thesis/Doctoral Thesis','9',NULL,NULL),
	(1053,66,220,'留学','Global Study Program','0',NULL,NULL),
	(1054,66,220,'卒業論文/研究、修士/博士論文','Graduation Paper/Master\'s Thesis/Doctoral Thesis','9',NULL,NULL),
	(1055,67,221,'総合/学際','General Studies','0',NULL,NULL),
	(1056,67,221,'卒業論文/研究、修士/博士論文','Graduation Paper/Master\'s Thesis/Doctoral Thesis','9',NULL,NULL),
	(1057,68,222,'指定なし','N/A','Z',NULL,NULL);

/*!40000 ALTER TABLE `thirds` ENABLE KEYS */;
UNLOCK TABLES;


# Dump of table types
# ------------------------------------------------------------

DROP TABLE IF EXISTS `types`;

CREATE TABLE `types` (
  `id` bigint(20) unsigned NOT NULL AUTO_INCREMENT,
  `code` varchar(5) COLLATE utf8mb4_unicode_ci NOT NULL,
  `jp` varchar(50) COLLATE utf8mb4_unicode_ci NOT NULL,
  `en` varchar(80) COLLATE utf8mb4_unicode_ci NOT NULL,
  `created_at` timestamp NULL DEFAULT NULL,
  `updated_at` timestamp NULL DEFAULT NULL,
  PRIMARY KEY (`id`)
) ENGINE=InnoDB DEFAULT CHARSET=utf8mb4 COLLATE=utf8mb4_unicode_ci;

LOCK TABLES `types` WRITE;
/*!40000 ALTER TABLE `types` DISABLE KEYS */;

INSERT INTO `types` (`id`, `code`, `jp`, `en`, `created_at`, `updated_at`)
VALUES
	(1,'L','講義','Lecture','2020-04-01 09:35:31','2020-04-01 09:35:31'),
	(2,'S','演習/ゼミ','Seminar','2020-04-01 09:35:31','2020-04-01 09:35:31'),
	(3,'W','実習/実験/実技','Practical Training/Experiment/Skill Practice','2020-04-01 09:35:31','2020-04-01 09:35:31'),
	(4,'F','外国語','Foreign Language','2020-04-01 09:35:31','2020-04-01 09:35:31'),
	(5,'P','実践形式/フィールドワーク/インターンシップ/ボランティア など','Practice/Field Work/Internship/Volunteer etc.','2020-04-01 09:35:31','2020-04-01 09:35:31'),
	(6,'G','研究指導','Research Guidance','2020-04-01 09:35:31','2020-04-01 09:35:31'),
	(7,'T','論文','Thesis','2020-04-01 09:35:31','2020-04-01 09:35:31'),
	(8,'B','対面授業 + オンデマンド授業','Face-to-Face Class + On Demand Class','2020-04-01 09:35:31','2020-04-01 09:35:31'),
	(9,'O','オンデマンド授業','On Demand Class','2020-04-01 09:35:31','2020-04-01 09:35:31'),
	(10,'X','その他','Others','2020-04-01 09:35:31','2020-04-01 09:35:31'),
	(11,'Z','指定なし','Null',NULL,NULL);

/*!40000 ALTER TABLE `types` ENABLE KEYS */;
UNLOCK TABLES;



/*!40111 SET SQL_NOTES=@OLD_SQL_NOTES */;
/*!40101 SET SQL_MODE=@OLD_SQL_MODE */;
/*!40014 SET FOREIGN_KEY_CHECKS=@OLD_FOREIGN_KEY_CHECKS */;
/*!40101 SET CHARACTER_SET_CLIENT=@OLD_CHARACTER_SET_CLIENT */;
/*!40101 SET CHARACTER_SET_RESULTS=@OLD_CHARACTER_SET_RESULTS */;
/*!40101 SET COLLATION_CONNECTION=@OLD_COLLATION_CONNECTION */;
